state,state_code,state_name,county_code,county_name,date,notes
AK,2,Alaska,13,Aleutians East,,
AK,2,Alaska,16,Aleutians West,,
AK,2,Alaska,20,Anchorage,,
AK,2,Alaska,50,Bethel,,
AK,2,Alaska,60,Bristol Bay,,
AK,2,Alaska,63,Chugach,,
AK,2,Alaska,66,Copper River,,
AK,2,Alaska,68,Denali,,
AK,2,Alaska,70,Dillingham,,
AK,2,Alaska,90,Fairbanks North Star,,
AK,2,Alaska,100,Haines,,
AK,2,Alaska,105,Hoonah-Angoon,,
AK,2,Alaska,110,Juneau,,
AK,2,Alaska,122,Kenai Peninsula,,
AK,2,Alaska,130,Ketchikan Gateway,,
AK,2,Alaska,150,Kodiak Island,,
AK,2,Alaska,158,Kusilvak,,
AK,2,Alaska,164,Lake and Peninsula,,
AK,2,Alaska,170,Matanuska-Susitna,,
AK,2,Alaska,180,Nome,,
AK,2,Alaska,185,North Slope,,
AK,2,Alaska,188,Northwest Arctic,,
AK,2,Alaska,195,Petersburg,,
AK,2,Alaska,198,Prince of Wales-Hyder,,
AK,2,Alaska,220,Sitka,,
AK,2,Alaska,230,Skagway,,
AK,2,Alaska,240,Southeast Fairbanks,,
AK,2,Alaska,275,Wrangell,,
AK,2,Alaska,282,Yakutat,,
AK,2,Alaska,290,Yukon-Koyukuk,,
AL,1,Alabama,1,Autauga,,
AL,1,Alabama,3,Baldwin,,
AL,1,Alabama,5,Barbour,,
AL,1,Alabama,7,Bibb,,
AL,1,Alabama,9,Blount,,
AL,1,Alabama,11,Bullock,,
AL,1,Alabama,13,Butler,,
AL,1,Alabama,15,Calhoun,,
AL,1,Alabama,17,Chambers,,
AL,1,Alabama,19,Cherokee,,
AL,1,Alabama,21,Chilton,,
AL,1,Alabama,23,Choctaw,,
AL,1,Alabama,25,Clarke,,
AL,1,Alabama,27,Clay,,
AL,1,Alabama,29,Cleburne,,
AL,1,Alabama,31,Coffee,,
AL,1,Alabama,33,Colbert,,
AL,1,Alabama,35,Conecuh,,
AL,1,Alabama,37,Coosa,,
AL,1,Alabama,39,Covington,,
AL,1,Alabama,41,Crenshaw,,
AL,1,Alabama,43,Cullman,,
AL,1,Alabama,45,Dale,,
AL,1,Alabama,47,Dallas,,
AL,1,Alabama,49,DeKalb,,
AL,1,Alabama,51,Elmore,,
AL,1,Alabama,53,Escambia,,
AL,1,Alabama,55,Etowah,,
AL,1,Alabama,57,Fayette,,
AL,1,Alabama,59,Franklin,,
AL,1,Alabama,61,Geneva,,
AL,1,Alabama,63,Greene,,
AL,1,Alabama,65,Hale,,
AL,1,Alabama,67,Henry,,
AL,1,Alabama,69,Houston,,
AL,1,Alabama,71,Jackson,,
AL,1,Alabama,73,Jefferson,1/1/70,
AL,1,Alabama,75,Lamar,,
AL,1,Alabama,77,Lauderdale,,
AL,1,Alabama,79,Lawrence,,
AL,1,Alabama,81,Lee,,
AL,1,Alabama,83,Limestone,,
AL,1,Alabama,85,Lowndes,,
AL,1,Alabama,87,Macon,,
AL,1,Alabama,89,Madison,,
AL,1,Alabama,91,Marengo,,
AL,1,Alabama,93,Marion,,
AL,1,Alabama,95,Marshall,,
AL,1,Alabama,97,Mobile,,
AL,1,Alabama,99,Monroe,,
AL,1,Alabama,101,Montgomery,,
AL,1,Alabama,103,Morgan,,
AL,1,Alabama,105,Perry,,
AL,1,Alabama,107,Pickens,,
AL,1,Alabama,109,Pike,,
AL,1,Alabama,111,Randolph,,
AL,1,Alabama,113,Russell,,
AL,1,Alabama,117,Shelby,,
AL,1,Alabama,115,St. Clair,,
AL,1,Alabama,119,Sumter,,
AL,1,Alabama,121,Talladega,,
AL,1,Alabama,123,Tallapoosa,,
AL,1,Alabama,125,Tuscaloosa,,
AL,1,Alabama,127,Walker,,
AL,1,Alabama,129,Washington,,
AL,1,Alabama,131,Wilcox,,
AL,1,Alabama,133,Winston,,
AR,5,Arkansas,1,Arkansas,,
AR,5,Arkansas,3,Ashley,,
AR,5,Arkansas,5,Baxter,,
AR,5,Arkansas,7,Benton,,
AR,5,Arkansas,9,Boone,,
AR,5,Arkansas,11,Bradley,,
AR,5,Arkansas,13,Calhoun,,
AR,5,Arkansas,15,Carroll,,
AR,5,Arkansas,17,Chicot,,
AR,5,Arkansas,19,Clark,,
AR,5,Arkansas,21,Clay,,
AR,5,Arkansas,23,Cleburne,,
AR,5,Arkansas,25,Cleveland,,
AR,5,Arkansas,27,Columbia,,
AR,5,Arkansas,29,Conway,,
AR,5,Arkansas,31,Craighead,,
AR,5,Arkansas,33,Crawford,,
AR,5,Arkansas,35,Crittenden,,
AR,5,Arkansas,37,Cross,,
AR,5,Arkansas,39,Dallas,,
AR,5,Arkansas,41,Desha,,
AR,5,Arkansas,43,Drew,,
AR,5,Arkansas,45,Faulkner,,
AR,5,Arkansas,47,Franklin,,
AR,5,Arkansas,49,Fulton,,
AR,5,Arkansas,51,Garland,1/31/25,
AR,5,Arkansas,53,Grant,,
AR,5,Arkansas,55,Greene,,
AR,5,Arkansas,57,Hempstead,,
AR,5,Arkansas,59,Hot Spring,,
AR,5,Arkansas,61,Howard,,
AR,5,Arkansas,63,Independence,,
AR,5,Arkansas,65,Izard,,
AR,5,Arkansas,67,Jackson,,
AR,5,Arkansas,69,Jefferson,,
AR,5,Arkansas,71,Johnson,,
AR,5,Arkansas,73,Lafayette,,
AR,5,Arkansas,75,Lawrence,,
AR,5,Arkansas,77,Lee,,
AR,5,Arkansas,79,Lincoln,,
AR,5,Arkansas,81,Little River,,
AR,5,Arkansas,83,Logan,,
AR,5,Arkansas,85,Lonoke,,
AR,5,Arkansas,87,Madison,,
AR,5,Arkansas,89,Marion,,
AR,5,Arkansas,91,Miller,,
AR,5,Arkansas,93,Mississippi,,
AR,5,Arkansas,95,Monroe,,
AR,5,Arkansas,97,Montgomery,,
AR,5,Arkansas,99,Nevada,,
AR,5,Arkansas,101,Newton,,
AR,5,Arkansas,103,Ouachita,,
AR,5,Arkansas,105,Perry,,
AR,5,Arkansas,107,Phillips,,
AR,5,Arkansas,109,Pike,,
AR,5,Arkansas,111,Poinsett,,
AR,5,Arkansas,113,Polk,,
AR,5,Arkansas,115,Pope,,
AR,5,Arkansas,117,Prairie,,
AR,5,Arkansas,119,Pulaski,1/31/25,
AR,5,Arkansas,121,Randolph,,
AR,5,Arkansas,125,Saline,1/31/25,
AR,5,Arkansas,127,Scott,,
AR,5,Arkansas,129,Searcy,,
AR,5,Arkansas,131,Sebastian,,
AR,5,Arkansas,133,Sevier,,
AR,5,Arkansas,135,Sharp,,
AR,5,Arkansas,123,St. Francis,,
AR,5,Arkansas,137,Stone,,
AR,5,Arkansas,139,Union,,
AR,5,Arkansas,141,Van Buren,,
AR,5,Arkansas,143,Washington,,
AR,5,Arkansas,145,White,,
AR,5,Arkansas,147,Woodruff,,
AR,5,Arkansas,149,Yell,,
AS,60,American Samoa,10,Eastern,,
AS,60,American Samoa,20,Manu'a,,
AS,60,American Samoa,30,Rose Island,,
AS,60,American Samoa,40,Swains Island,,
AS,60,American Samoa,50,Western,,
AZ,4,Arizona,1,Apache,,
AZ,4,Arizona,3,Cochise,,
AZ,4,Arizona,5,Coconino,,
AZ,4,Arizona,7,Gila,,
AZ,4,Arizona,9,Graham,,
AZ,4,Arizona,11,Greenlee,,
AZ,4,Arizona,12,La Paz,,
AZ,4,Arizona,13,Maricopa,6/21/10,Katie's graduation party.
AZ,4,Arizona,15,Mohave,,
AZ,4,Arizona,17,Navajo,,
AZ,4,Arizona,19,Pima,1/26/23,
AZ,4,Arizona,21,Pinal,1/28/23,
AZ,4,Arizona,23,Santa Cruz,,
AZ,4,Arizona,25,Yavapai,,
AZ,4,Arizona,27,Yuma,,
CA,6,California,1,Alameda,,
CA,6,California,3,Alpine,,
CA,6,California,5,Amador,,
CA,6,California,7,Butte,,
CA,6,California,9,Calaveras,,
CA,6,California,11,Colusa,,
CA,6,California,13,Contra Costa,,
CA,6,California,15,Del Norte,,
CA,6,California,17,El Dorado,,
CA,6,California,19,Fresno,,
CA,6,California,21,Glenn,,
CA,6,California,23,Humboldt,,
CA,6,California,25,Imperial,,
CA,6,California,27,Inyo,,
CA,6,California,29,Kern,,
CA,6,California,31,Kings,,
CA,6,California,33,Lake,,
CA,6,California,35,Lassen,,
CA,6,California,37,Los Angeles,11/16/05,Cooper Union basketball trip. Verified via Google Photo dates.
CA,6,California,39,Madera,,
CA,6,California,41,Marin,,
CA,6,California,43,Mariposa,,
CA,6,California,45,Mendocino,,
CA,6,California,47,Merced,,
CA,6,California,49,Modoc,,
CA,6,California,51,Mono,,
CA,6,California,53,Monterey,,
CA,6,California,55,Napa,,
CA,6,California,57,Nevada,,
CA,6,California,59,Orange,,
CA,6,California,61,Placer,,
CA,6,California,63,Plumas,,
CA,6,California,65,Riverside,,
CA,6,California,67,Sacramento,,
CA,6,California,69,San Benito,,
CA,6,California,71,San Bernardino,,
CA,6,California,73,San Diego,,
CA,6,California,75,San Francisco,,
CA,6,California,77,San Joaquin,,
CA,6,California,79,San Luis Obispo,,
CA,6,California,81,San Mateo,,
CA,6,California,83,Santa Barbara,,
CA,6,California,85,Santa Clara,,
CA,6,California,87,Santa Cruz,,
CA,6,California,89,Shasta,,
CA,6,California,91,Sierra,,
CA,6,California,93,Siskiyou,,
CA,6,California,95,Solano,,
CA,6,California,97,Sonoma,,
CA,6,California,99,Stanislaus,,
CA,6,California,101,Sutter,,
CA,6,California,103,Tehama,,
CA,6,California,105,Trinity,,
CA,6,California,107,Tulare,,
CA,6,California,109,Tuolumne,,
CA,6,California,111,Ventura,,
CA,6,California,113,Yolo,,
CA,6,California,115,Yuba,,
CO,8,Colorado,1,Adams,12/21/22,
CO,8,Colorado,3,Alamosa,,
CO,8,Colorado,5,Arapahoe,12/21/22,
CO,8,Colorado,7,Archuleta,,
CO,8,Colorado,9,Baca,,
CO,8,Colorado,11,Bent,,
CO,8,Colorado,13,Boulder,12/26/22,
CO,8,Colorado,14,Broomfield,12/26/22,
CO,8,Colorado,15,Chaffee,,
CO,8,Colorado,17,Cheyenne,,
CO,8,Colorado,19,Clear Creek,,
CO,8,Colorado,21,Conejos,,
CO,8,Colorado,23,Costilla,,
CO,8,Colorado,25,Crowley,,
CO,8,Colorado,27,Custer,,
CO,8,Colorado,29,Delta,,
CO,8,Colorado,31,Denver,12/21/22,
CO,8,Colorado,33,Dolores,,
CO,8,Colorado,35,Douglas,,
CO,8,Colorado,37,Eagle,,
CO,8,Colorado,41,El Paso,,
CO,8,Colorado,39,Elbert,,
CO,8,Colorado,43,Fremont,,
CO,8,Colorado,45,Garfield,,
CO,8,Colorado,47,Gilpin,,
CO,8,Colorado,49,Grand,,
CO,8,Colorado,51,Gunnison,,
CO,8,Colorado,53,Hinsdale,,
CO,8,Colorado,55,Huerfano,,
CO,8,Colorado,57,Jackson,,
CO,8,Colorado,59,Jefferson,12/26/22,
CO,8,Colorado,61,Kiowa,,
CO,8,Colorado,63,Kit Carson,,
CO,8,Colorado,67,La Plata,,
CO,8,Colorado,65,Lake,,
CO,8,Colorado,69,Larimer,7/3/25,
CO,8,Colorado,71,Las Animas,,
CO,8,Colorado,73,Lincoln,,
CO,8,Colorado,75,Logan,,
CO,8,Colorado,77,Mesa,,
CO,8,Colorado,79,Mineral,,
CO,8,Colorado,81,Moffat,,
CO,8,Colorado,83,Montezuma,,
CO,8,Colorado,85,Montrose,,
CO,8,Colorado,87,Morgan,,
CO,8,Colorado,89,Otero,,
CO,8,Colorado,91,Ouray,,
CO,8,Colorado,93,Park,,
CO,8,Colorado,95,Phillips,,
CO,8,Colorado,97,Pitkin,,
CO,8,Colorado,99,Prowers,,
CO,8,Colorado,101,Pueblo,,
CO,8,Colorado,103,Rio Blanco,,
CO,8,Colorado,105,Rio Grande,,
CO,8,Colorado,107,Routt,,
CO,8,Colorado,109,Saguache,,
CO,8,Colorado,111,San Juan,,
CO,8,Colorado,113,San Miguel,,
CO,8,Colorado,115,Sedgwick,,
CO,8,Colorado,117,Summit,,
CO,8,Colorado,119,Teller,,
CO,8,Colorado,121,Washington,,
CO,8,Colorado,123,Weld,,
CO,8,Colorado,125,Yuma,,
CT,9,Connecticut,110,Capitol,1/1/70,
CT,9,Connecticut,120,Greater Bridgeport,1/1/70,
CT,9,Connecticut,130,Lower Connecticut River Valley,1/1/70,
CT,9,Connecticut,140,Naugatuck Valley,1/1/70,
CT,9,Connecticut,150,Northeastern Connecticut,1/1/70,
CT,9,Connecticut,160,Northwest Hills,1/1/70,
CT,9,Connecticut,170,South Central Connecticut,1/1/70,
CT,9,Connecticut,180,Southeastern Connecticut,1/1/70,
CT,9,Connecticut,190,Western Connecticut,1/1/70,
DC,11,District of Columbia,1,District of Columbia,,
DE,10,Delaware,1,Kent,1/1/70,
DE,10,Delaware,3,New Castle,1/1/70,
DE,10,Delaware,5,Sussex,1/1/70,
FL,12,Florida,1,Alachua,,
FL,12,Florida,3,Baker,,
FL,12,Florida,5,Bay,,
FL,12,Florida,7,Bradford,,
FL,12,Florida,9,Brevard,1/1/70,
FL,12,Florida,11,Broward,4/30/10,"Work trip, Turkey Point. Verified via Google Photo"
FL,12,Florida,13,Calhoun,,
FL,12,Florida,15,Charlotte,,
FL,12,Florida,17,Citrus,,
FL,12,Florida,19,Clay,,
FL,12,Florida,21,Collier,8/16/19,Marco Island trip with Mom.
FL,12,Florida,23,Columbia,,
FL,12,Florida,27,DeSoto,,
FL,12,Florida,29,Dixie,,
FL,12,Florida,31,Duval,1/1/70,
FL,12,Florida,33,Escambia,,
FL,12,Florida,35,Flagler,1/1/70,
FL,12,Florida,37,Franklin,,
FL,12,Florida,39,Gadsden,,
FL,12,Florida,41,Gilchrist,,
FL,12,Florida,43,Glades,,
FL,12,Florida,45,Gulf,,
FL,12,Florida,47,Hamilton,,
FL,12,Florida,49,Hardee,,
FL,12,Florida,51,Hendry,,
FL,12,Florida,53,Hernando,,
FL,12,Florida,55,Highlands,,
FL,12,Florida,57,Hillsborough,,
FL,12,Florida,59,Holmes,,
FL,12,Florida,61,Indian River,,
FL,12,Florida,63,Jackson,,
FL,12,Florida,65,Jefferson,,
FL,12,Florida,67,Lafayette,,
FL,12,Florida,69,Lake,,
FL,12,Florida,71,Lee,6/15/19,First Penrose family trip
FL,12,Florida,73,Leon,,
FL,12,Florida,75,Levy,,
FL,12,Florida,77,Liberty,,
FL,12,Florida,79,Madison,,
FL,12,Florida,81,Manatee,,
FL,12,Florida,83,Marion,,
FL,12,Florida,85,Martin,,
FL,12,Florida,86,Miami-Dade,4/30/10,"Work trip, Turkey Point. Verified via Google Photo"
FL,12,Florida,87,Monroe,4/30/10,"Work trip, Turkey Point. Verified via Google Photo"
FL,12,Florida,89,Nassau,1/1/70,
FL,12,Florida,91,Okaloosa,,
FL,12,Florida,93,Okeechobee,,
FL,12,Florida,95,Orange,1/1/70,
FL,12,Florida,97,Osceola,,
FL,12,Florida,99,Palm Beach,,
FL,12,Florida,101,Pasco,,
FL,12,Florida,103,Pinellas,,
FL,12,Florida,105,Polk,,
FL,12,Florida,107,Putnam,,
FL,12,Florida,113,Santa Rosa,,
FL,12,Florida,115,Sarasota,,
FL,12,Florida,117,Seminole,,
FL,12,Florida,109,St. Johns,1/1/70,
FL,12,Florida,111,St. Lucie,,
FL,12,Florida,119,Sumter,,
FL,12,Florida,121,Suwannee,,
FL,12,Florida,123,Taylor,,
FL,12,Florida,125,Union,,
FL,12,Florida,127,Volusia,1/1/70,
FL,12,Florida,129,Wakulla,,
FL,12,Florida,131,Walton,,
FL,12,Florida,133,Washington,,
GA,13,Georgia,1,Appling,,
GA,13,Georgia,3,Atkinson,,
GA,13,Georgia,5,Bacon,,
GA,13,Georgia,7,Baker,,
GA,13,Georgia,9,Baldwin,,
GA,13,Georgia,11,Banks,11/19/21,
GA,13,Georgia,13,Barrow,11/19/21,
GA,13,Georgia,15,Bartow,,
GA,13,Georgia,17,Ben Hill,,
GA,13,Georgia,19,Berrien,,
GA,13,Georgia,21,Bibb,,
GA,13,Georgia,23,Bleckley,,
GA,13,Georgia,25,Brantley,,
GA,13,Georgia,27,Brooks,,
GA,13,Georgia,29,Bryan,1/1/70,
GA,13,Georgia,31,Bulloch,,
GA,13,Georgia,33,Burke,,
GA,13,Georgia,35,Butts,,
GA,13,Georgia,37,Calhoun,,
GA,13,Georgia,39,Camden,1/1/70,
GA,13,Georgia,43,Candler,,
GA,13,Georgia,45,Carroll,,
GA,13,Georgia,47,Catoosa,,
GA,13,Georgia,49,Charlton,,
GA,13,Georgia,51,Chatham,1/1/70,
GA,13,Georgia,53,Chattahoochee,,
GA,13,Georgia,55,Chattooga,,
GA,13,Georgia,57,Cherokee,,
GA,13,Georgia,59,Clarke,,
GA,13,Georgia,61,Clay,,
GA,13,Georgia,63,Clayton,,
GA,13,Georgia,65,Clinch,,
GA,13,Georgia,67,Cobb,,
GA,13,Georgia,69,Coffee,,
GA,13,Georgia,71,Colquitt,,
GA,13,Georgia,73,Columbia,,
GA,13,Georgia,75,Cook,,
GA,13,Georgia,77,Coweta,,
GA,13,Georgia,79,Crawford,,
GA,13,Georgia,81,Crisp,,
GA,13,Georgia,83,Dade,,
GA,13,Georgia,85,Dawson,,
GA,13,Georgia,87,Decatur,,
GA,13,Georgia,89,DeKalb,11/19/21,
GA,13,Georgia,91,Dodge,,
GA,13,Georgia,93,Dooly,,
GA,13,Georgia,95,Dougherty,,
GA,13,Georgia,97,Douglas,,
GA,13,Georgia,99,Early,,
GA,13,Georgia,101,Echols,,
GA,13,Georgia,103,Effingham,1/1/70,
GA,13,Georgia,105,Elbert,,
GA,13,Georgia,107,Emanuel,,
GA,13,Georgia,109,Evans,,
GA,13,Georgia,111,Fannin,,
GA,13,Georgia,113,Fayette,,
GA,13,Georgia,115,Floyd,,
GA,13,Georgia,117,Forsyth,,
GA,13,Georgia,119,Franklin,11/19/21,
GA,13,Georgia,121,Fulton,11/20/21,
GA,13,Georgia,123,Gilmer,,
GA,13,Georgia,125,Glascock,,
GA,13,Georgia,127,Glynn,1/1/70,
GA,13,Georgia,129,Gordon,,
GA,13,Georgia,131,Grady,,
GA,13,Georgia,133,Greene,,
GA,13,Georgia,135,Gwinnett,11/19/21,
GA,13,Georgia,137,Habersham,,
GA,13,Georgia,139,Hall,,
GA,13,Georgia,141,Hancock,,
GA,13,Georgia,143,Haralson,,
GA,13,Georgia,145,Harris,,
GA,13,Georgia,147,Hart,11/19/21,
GA,13,Georgia,149,Heard,,
GA,13,Georgia,151,Henry,,
GA,13,Georgia,153,Houston,,
GA,13,Georgia,155,Irwin,,
GA,13,Georgia,157,Jackson,11/19/21,
GA,13,Georgia,159,Jasper,,
GA,13,Georgia,161,Jeff Davis,,
GA,13,Georgia,163,Jefferson,,
GA,13,Georgia,165,Jenkins,,
GA,13,Georgia,167,Johnson,,
GA,13,Georgia,169,Jones,,
GA,13,Georgia,171,Lamar,,
GA,13,Georgia,173,Lanier,,
GA,13,Georgia,175,Laurens,,
GA,13,Georgia,177,Lee,,
GA,13,Georgia,179,Liberty,1/1/70,
GA,13,Georgia,181,Lincoln,,
GA,13,Georgia,183,Long,,
GA,13,Georgia,185,Lowndes,,
GA,13,Georgia,187,Lumpkin,,
GA,13,Georgia,193,Macon,,
GA,13,Georgia,195,Madison,,
GA,13,Georgia,197,Marion,,
GA,13,Georgia,189,McDuffie,,
GA,13,Georgia,191,McIntosh,1/1/70,
GA,13,Georgia,199,Meriwether,,
GA,13,Georgia,201,Miller,,
GA,13,Georgia,205,Mitchell,,
GA,13,Georgia,207,Monroe,,
GA,13,Georgia,209,Montgomery,,
GA,13,Georgia,211,Morgan,,
GA,13,Georgia,213,Murray,,
GA,13,Georgia,215,Muscogee,,
GA,13,Georgia,217,Newton,,
GA,13,Georgia,219,Oconee,,
GA,13,Georgia,221,Oglethorpe,,
GA,13,Georgia,223,Paulding,,
GA,13,Georgia,225,Peach,,
GA,13,Georgia,227,Pickens,,
GA,13,Georgia,229,Pierce,,
GA,13,Georgia,231,Pike,,
GA,13,Georgia,233,Polk,,
GA,13,Georgia,235,Pulaski,,
GA,13,Georgia,237,Putnam,,
GA,13,Georgia,239,Quitman,,
GA,13,Georgia,241,Rabun,1/1/70,
GA,13,Georgia,243,Randolph,,
GA,13,Georgia,245,Richmond,,
GA,13,Georgia,247,Rockdale,,
GA,13,Georgia,249,Schley,,
GA,13,Georgia,251,Screven,,
GA,13,Georgia,253,Seminole,,
GA,13,Georgia,255,Spalding,,
GA,13,Georgia,257,Stephens,,
GA,13,Georgia,259,Stewart,,
GA,13,Georgia,261,Sumter,,
GA,13,Georgia,263,Talbot,,
GA,13,Georgia,265,Taliaferro,,
GA,13,Georgia,267,Tattnall,,
GA,13,Georgia,269,Taylor,,
GA,13,Georgia,271,Telfair,,
GA,13,Georgia,273,Terrell,,
GA,13,Georgia,275,Thomas,,
GA,13,Georgia,277,Tift,,
GA,13,Georgia,279,Toombs,,
GA,13,Georgia,281,Towns,,
GA,13,Georgia,283,Treutlen,,
GA,13,Georgia,285,Troup,,
GA,13,Georgia,287,Turner,,
GA,13,Georgia,289,Twiggs,,
GA,13,Georgia,291,Union,,
GA,13,Georgia,293,Upson,,
GA,13,Georgia,295,Walker,,
GA,13,Georgia,297,Walton,,
GA,13,Georgia,299,Ware,,
GA,13,Georgia,301,Warren,,
GA,13,Georgia,303,Washington,,
GA,13,Georgia,305,Wayne,,
GA,13,Georgia,307,Webster,,
GA,13,Georgia,309,Wheeler,,
GA,13,Georgia,311,White,,
GA,13,Georgia,313,Whitfield,,
GA,13,Georgia,315,Wilcox,,
GA,13,Georgia,317,Wilkes,,
GA,13,Georgia,319,Wilkinson,,
GA,13,Georgia,321,Worth,,
GU,66,Guam,10,Guam,,
HI,15,Hawaii,1,Hawaii,9/29/21,
HI,15,Hawaii,3,Honolulu,9/25/21,
HI,15,Hawaii,5,Kalawao,,
HI,15,Hawaii,7,Kauai,,
HI,15,Hawaii,9,Maui,10/3/21,
IA,19,Iowa,1,Adair,,
IA,19,Iowa,3,Adams,,
IA,19,Iowa,5,Allamakee,,
IA,19,Iowa,7,Appanoose,,
IA,19,Iowa,9,Audubon,,
IA,19,Iowa,11,Benton,,
IA,19,Iowa,13,Black Hawk,,
IA,19,Iowa,15,Boone,,
IA,19,Iowa,17,Bremer,,
IA,19,Iowa,19,Buchanan,,
IA,19,Iowa,21,Buena Vista,,
IA,19,Iowa,23,Butler,,
IA,19,Iowa,25,Calhoun,,
IA,19,Iowa,27,Carroll,,
IA,19,Iowa,29,Cass,,
IA,19,Iowa,31,Cedar,,
IA,19,Iowa,33,Cerro Gordo,,
IA,19,Iowa,35,Cherokee,,
IA,19,Iowa,37,Chickasaw,,
IA,19,Iowa,39,Clarke,,
IA,19,Iowa,41,Clay,,
IA,19,Iowa,43,Clayton,,
IA,19,Iowa,45,Clinton,,
IA,19,Iowa,47,Crawford,,
IA,19,Iowa,49,Dallas,,
IA,19,Iowa,51,Davis,,
IA,19,Iowa,53,Decatur,,
IA,19,Iowa,55,Delaware,,
IA,19,Iowa,57,Des Moines,,
IA,19,Iowa,59,Dickinson,,
IA,19,Iowa,61,Dubuque,,
IA,19,Iowa,63,Emmet,,
IA,19,Iowa,65,Fayette,,
IA,19,Iowa,67,Floyd,,
IA,19,Iowa,69,Franklin,,
IA,19,Iowa,71,Fremont,,
IA,19,Iowa,73,Greene,,
IA,19,Iowa,75,Grundy,,
IA,19,Iowa,77,Guthrie,,
IA,19,Iowa,79,Hamilton,,
IA,19,Iowa,81,Hancock,,
IA,19,Iowa,83,Hardin,,
IA,19,Iowa,85,Harrison,,
IA,19,Iowa,87,Henry,,
IA,19,Iowa,89,Howard,,
IA,19,Iowa,91,Humboldt,,
IA,19,Iowa,93,Ida,,
IA,19,Iowa,95,Iowa,,
IA,19,Iowa,97,Jackson,,
IA,19,Iowa,99,Jasper,,
IA,19,Iowa,101,Jefferson,,
IA,19,Iowa,103,Johnson,,
IA,19,Iowa,105,Jones,,
IA,19,Iowa,107,Keokuk,,
IA,19,Iowa,109,Kossuth,,
IA,19,Iowa,111,Lee,,
IA,19,Iowa,113,Linn,,
IA,19,Iowa,115,Louisa,,
IA,19,Iowa,117,Lucas,,
IA,19,Iowa,119,Lyon,,
IA,19,Iowa,121,Madison,,
IA,19,Iowa,123,Mahaska,,
IA,19,Iowa,125,Marion,,
IA,19,Iowa,127,Marshall,,
IA,19,Iowa,129,Mills,,
IA,19,Iowa,131,Mitchell,,
IA,19,Iowa,133,Monona,,
IA,19,Iowa,135,Monroe,,
IA,19,Iowa,137,Montgomery,,
IA,19,Iowa,139,Muscatine,,
IA,19,Iowa,141,O'Brien,,
IA,19,Iowa,143,Osceola,,
IA,19,Iowa,145,Page,,
IA,19,Iowa,147,Palo Alto,,
IA,19,Iowa,149,Plymouth,,
IA,19,Iowa,151,Pocahontas,,
IA,19,Iowa,153,Polk,,
IA,19,Iowa,155,Pottawattamie,1/1/70,
IA,19,Iowa,157,Poweshiek,,
IA,19,Iowa,159,Ringgold,,
IA,19,Iowa,161,Sac,,
IA,19,Iowa,163,Scott,,
IA,19,Iowa,165,Shelby,,
IA,19,Iowa,167,Sioux,,
IA,19,Iowa,169,Story,,
IA,19,Iowa,171,Tama,,
IA,19,Iowa,173,Taylor,,
IA,19,Iowa,175,Union,,
IA,19,Iowa,177,Van Buren,,
IA,19,Iowa,179,Wapello,,
IA,19,Iowa,181,Warren,,
IA,19,Iowa,183,Washington,,
IA,19,Iowa,185,Wayne,,
IA,19,Iowa,187,Webster,,
IA,19,Iowa,189,Winnebago,,
IA,19,Iowa,191,Winneshiek,,
IA,19,Iowa,193,Woodbury,,
IA,19,Iowa,195,Worth,,
IA,19,Iowa,197,Wright,,
ID,16,Idaho,1,Ada,,
ID,16,Idaho,3,Adams,,
ID,16,Idaho,5,Bannock,,
ID,16,Idaho,7,Bear Lake,,
ID,16,Idaho,9,Benewah,,
ID,16,Idaho,11,Bingham,,
ID,16,Idaho,13,Blaine,,
ID,16,Idaho,15,Boise,,
ID,16,Idaho,17,Bonner,,
ID,16,Idaho,19,Bonneville,,
ID,16,Idaho,21,Boundary,,
ID,16,Idaho,23,Butte,,
ID,16,Idaho,25,Camas,,
ID,16,Idaho,27,Canyon,,
ID,16,Idaho,29,Caribou,,
ID,16,Idaho,31,Cassia,,
ID,16,Idaho,33,Clark,,
ID,16,Idaho,35,Clearwater,,
ID,16,Idaho,37,Custer,,
ID,16,Idaho,39,Elmore,,
ID,16,Idaho,41,Franklin,,
ID,16,Idaho,43,Fremont,,
ID,16,Idaho,45,Gem,,
ID,16,Idaho,47,Gooding,,
ID,16,Idaho,49,Idaho,,
ID,16,Idaho,51,Jefferson,,
ID,16,Idaho,53,Jerome,,
ID,16,Idaho,55,Kootenai,,
ID,16,Idaho,57,Latah,,
ID,16,Idaho,59,Lemhi,,
ID,16,Idaho,61,Lewis,,
ID,16,Idaho,63,Lincoln,,
ID,16,Idaho,65,Madison,,
ID,16,Idaho,67,Minidoka,,
ID,16,Idaho,69,Nez Perce,,
ID,16,Idaho,71,Oneida,,
ID,16,Idaho,73,Owyhee,,
ID,16,Idaho,75,Payette,,
ID,16,Idaho,77,Power,,
ID,16,Idaho,79,Shoshone,,
ID,16,Idaho,81,Teton,,
ID,16,Idaho,83,Twin Falls,,
ID,16,Idaho,85,Valley,,
ID,16,Idaho,87,Washington,,
IL,17,Illinois,1,Adams,,
IL,17,Illinois,3,Alexander,,
IL,17,Illinois,5,Bond,,
IL,17,Illinois,7,Boone,,
IL,17,Illinois,9,Brown,,
IL,17,Illinois,11,Bureau,,
IL,17,Illinois,13,Calhoun,,
IL,17,Illinois,15,Carroll,,
IL,17,Illinois,17,Cass,,
IL,17,Illinois,19,Champaign,,
IL,17,Illinois,21,Christian,,
IL,17,Illinois,23,Clark,,
IL,17,Illinois,25,Clay,,
IL,17,Illinois,27,Clinton,,
IL,17,Illinois,29,Coles,,
IL,17,Illinois,31,Cook,,
IL,17,Illinois,33,Crawford,,
IL,17,Illinois,35,Cumberland,,
IL,17,Illinois,39,De Witt,,
IL,17,Illinois,37,DeKalb,,
IL,17,Illinois,41,Douglas,,
IL,17,Illinois,43,DuPage,,
IL,17,Illinois,45,Edgar,,
IL,17,Illinois,47,Edwards,,
IL,17,Illinois,49,Effingham,,
IL,17,Illinois,51,Fayette,,
IL,17,Illinois,53,Ford,,
IL,17,Illinois,55,Franklin,,
IL,17,Illinois,57,Fulton,,
IL,17,Illinois,59,Gallatin,,
IL,17,Illinois,61,Greene,,
IL,17,Illinois,63,Grundy,,
IL,17,Illinois,65,Hamilton,,
IL,17,Illinois,67,Hancock,,
IL,17,Illinois,69,Hardin,,
IL,17,Illinois,71,Henderson,,
IL,17,Illinois,73,Henry,,
IL,17,Illinois,75,Iroquois,,
IL,17,Illinois,77,Jackson,,
IL,17,Illinois,79,Jasper,,
IL,17,Illinois,81,Jefferson,,
IL,17,Illinois,83,Jersey,,
IL,17,Illinois,85,Jo Daviess,,
IL,17,Illinois,87,Johnson,,
IL,17,Illinois,89,Kane,,
IL,17,Illinois,91,Kankakee,,
IL,17,Illinois,93,Kendall,,
IL,17,Illinois,95,Knox,,
IL,17,Illinois,97,Lake,,
IL,17,Illinois,99,LaSalle,,
IL,17,Illinois,101,Lawrence,,
IL,17,Illinois,103,Lee,,
IL,17,Illinois,105,Livingston,,
IL,17,Illinois,107,Logan,,
IL,17,Illinois,115,Macon,,
IL,17,Illinois,117,Macoupin,,
IL,17,Illinois,119,Madison,,
IL,17,Illinois,121,Marion,,
IL,17,Illinois,123,Marshall,,
IL,17,Illinois,125,Mason,,
IL,17,Illinois,127,Massac,,
IL,17,Illinois,109,McDonough,,
IL,17,Illinois,111,McHenry,,
IL,17,Illinois,113,McLean,,
IL,17,Illinois,129,Menard,,
IL,17,Illinois,131,Mercer,,
IL,17,Illinois,133,Monroe,,
IL,17,Illinois,135,Montgomery,,
IL,17,Illinois,137,Morgan,,
IL,17,Illinois,139,Moultrie,,
IL,17,Illinois,141,Ogle,,
IL,17,Illinois,143,Peoria,,
IL,17,Illinois,145,Perry,,
IL,17,Illinois,147,Piatt,,
IL,17,Illinois,149,Pike,,
IL,17,Illinois,151,Pope,,
IL,17,Illinois,153,Pulaski,,
IL,17,Illinois,155,Putnam,,
IL,17,Illinois,157,Randolph,,
IL,17,Illinois,159,Richland,,
IL,17,Illinois,161,Rock Island,,
IL,17,Illinois,165,Saline,,
IL,17,Illinois,167,Sangamon,,
IL,17,Illinois,169,Schuyler,,
IL,17,Illinois,171,Scott,,
IL,17,Illinois,173,Shelby,,
IL,17,Illinois,163,St. Clair,,
IL,17,Illinois,175,Stark,,
IL,17,Illinois,177,Stephenson,,
IL,17,Illinois,179,Tazewell,,
IL,17,Illinois,181,Union,,
IL,17,Illinois,183,Vermilion,,
IL,17,Illinois,185,Wabash,,
IL,17,Illinois,187,Warren,,
IL,17,Illinois,189,Washington,,
IL,17,Illinois,191,Wayne,,
IL,17,Illinois,193,White,,
IL,17,Illinois,195,Whiteside,,
IL,17,Illinois,197,Will,,
IL,17,Illinois,199,Williamson,,
IL,17,Illinois,201,Winnebago,,
IL,17,Illinois,203,Woodford,,
IN,18,Indiana,1,Adams,,
IN,18,Indiana,3,Allen,,
IN,18,Indiana,5,Bartholomew,,
IN,18,Indiana,7,Benton,,
IN,18,Indiana,9,Blackford,,
IN,18,Indiana,11,Boone,,
IN,18,Indiana,13,Brown,,
IN,18,Indiana,15,Carroll,,
IN,18,Indiana,17,Cass,,
IN,18,Indiana,19,Clark,,
IN,18,Indiana,21,Clay,,
IN,18,Indiana,23,Clinton,,
IN,18,Indiana,25,Crawford,,
IN,18,Indiana,27,Daviess,,
IN,18,Indiana,29,Dearborn,,
IN,18,Indiana,31,Decatur,,
IN,18,Indiana,33,DeKalb,,
IN,18,Indiana,35,Delaware,,
IN,18,Indiana,37,Dubois,,
IN,18,Indiana,39,Elkhart,,
IN,18,Indiana,41,Fayette,,
IN,18,Indiana,43,Floyd,,
IN,18,Indiana,45,Fountain,,
IN,18,Indiana,47,Franklin,,
IN,18,Indiana,49,Fulton,,
IN,18,Indiana,51,Gibson,,
IN,18,Indiana,53,Grant,,
IN,18,Indiana,55,Greene,,
IN,18,Indiana,57,Hamilton,,
IN,18,Indiana,59,Hancock,,
IN,18,Indiana,61,Harrison,,
IN,18,Indiana,63,Hendricks,,
IN,18,Indiana,65,Henry,,
IN,18,Indiana,67,Howard,,
IN,18,Indiana,69,Huntington,,
IN,18,Indiana,71,Jackson,,
IN,18,Indiana,73,Jasper,,
IN,18,Indiana,75,Jay,,
IN,18,Indiana,77,Jefferson,,
IN,18,Indiana,79,Jennings,,
IN,18,Indiana,81,Johnson,,
IN,18,Indiana,83,Knox,,
IN,18,Indiana,85,Kosciusko,,
IN,18,Indiana,87,LaGrange,,
IN,18,Indiana,89,Lake,,
IN,18,Indiana,91,LaPorte,,
IN,18,Indiana,93,Lawrence,,
IN,18,Indiana,95,Madison,,
IN,18,Indiana,97,Marion,,
IN,18,Indiana,99,Marshall,,
IN,18,Indiana,101,Martin,,
IN,18,Indiana,103,Miami,,
IN,18,Indiana,105,Monroe,,
IN,18,Indiana,107,Montgomery,,
IN,18,Indiana,109,Morgan,,
IN,18,Indiana,111,Newton,,
IN,18,Indiana,113,Noble,,
IN,18,Indiana,115,Ohio,,
IN,18,Indiana,117,Orange,,
IN,18,Indiana,119,Owen,,
IN,18,Indiana,121,Parke,,
IN,18,Indiana,123,Perry,,
IN,18,Indiana,125,Pike,,
IN,18,Indiana,127,Porter,,
IN,18,Indiana,129,Posey,,
IN,18,Indiana,131,Pulaski,,
IN,18,Indiana,133,Putnam,,
IN,18,Indiana,135,Randolph,,
IN,18,Indiana,137,Ripley,,
IN,18,Indiana,139,Rush,,
IN,18,Indiana,143,Scott,,
IN,18,Indiana,145,Shelby,,
IN,18,Indiana,147,Spencer,,
IN,18,Indiana,141,St. Joseph,,
IN,18,Indiana,149,Starke,,
IN,18,Indiana,151,Steuben,,
IN,18,Indiana,153,Sullivan,,
IN,18,Indiana,155,Switzerland,,
IN,18,Indiana,157,Tippecanoe,,
IN,18,Indiana,159,Tipton,,
IN,18,Indiana,161,Union,,
IN,18,Indiana,163,Vanderburgh,,
IN,18,Indiana,165,Vermillion,,
IN,18,Indiana,167,Vigo,,
IN,18,Indiana,169,Wabash,,
IN,18,Indiana,171,Warren,,
IN,18,Indiana,173,Warrick,,
IN,18,Indiana,175,Washington,,
IN,18,Indiana,177,Wayne,,
IN,18,Indiana,179,Wells,,
IN,18,Indiana,181,White,,
IN,18,Indiana,183,Whitley,,
KS,20,Kansas,1,Allen,,
KS,20,Kansas,3,Anderson,,
KS,20,Kansas,5,Atchison,,
KS,20,Kansas,7,Barber,,
KS,20,Kansas,9,Barton,,
KS,20,Kansas,11,Bourbon,,
KS,20,Kansas,13,Brown,,
KS,20,Kansas,15,Butler,,
KS,20,Kansas,17,Chase,,
KS,20,Kansas,19,Chautauqua,,
KS,20,Kansas,21,Cherokee,,
KS,20,Kansas,23,Cheyenne,,
KS,20,Kansas,25,Clark,,
KS,20,Kansas,27,Clay,,
KS,20,Kansas,29,Cloud,,
KS,20,Kansas,31,Coffey,,
KS,20,Kansas,33,Comanche,,
KS,20,Kansas,35,Cowley,,
KS,20,Kansas,37,Crawford,,
KS,20,Kansas,39,Decatur,,
KS,20,Kansas,41,Dickinson,,
KS,20,Kansas,43,Doniphan,,
KS,20,Kansas,45,Douglas,,
KS,20,Kansas,47,Edwards,,
KS,20,Kansas,49,Elk,,
KS,20,Kansas,51,Ellis,,
KS,20,Kansas,53,Ellsworth,,
KS,20,Kansas,55,Finney,,
KS,20,Kansas,57,Ford,,
KS,20,Kansas,59,Franklin,,
KS,20,Kansas,61,Geary,,
KS,20,Kansas,63,Gove,,
KS,20,Kansas,65,Graham,,
KS,20,Kansas,67,Grant,,
KS,20,Kansas,69,Gray,,
KS,20,Kansas,71,Greeley,,
KS,20,Kansas,73,Greenwood,,
KS,20,Kansas,75,Hamilton,,
KS,20,Kansas,77,Harper,,
KS,20,Kansas,79,Harvey,,
KS,20,Kansas,81,Haskell,,
KS,20,Kansas,83,Hodgeman,,
KS,20,Kansas,85,Jackson,,
KS,20,Kansas,87,Jefferson,,
KS,20,Kansas,89,Jewell,,
KS,20,Kansas,91,Johnson,,
KS,20,Kansas,93,Kearny,,
KS,20,Kansas,95,Kingman,,
KS,20,Kansas,97,Kiowa,,
KS,20,Kansas,99,Labette,,
KS,20,Kansas,101,Lane,,
KS,20,Kansas,103,Leavenworth,,
KS,20,Kansas,105,Lincoln,,
KS,20,Kansas,107,Linn,,
KS,20,Kansas,109,Logan,,
KS,20,Kansas,111,Lyon,,
KS,20,Kansas,115,Marion,,
KS,20,Kansas,117,Marshall,,
KS,20,Kansas,113,McPherson,,
KS,20,Kansas,119,Meade,,
KS,20,Kansas,121,Miami,,
KS,20,Kansas,123,Mitchell,,
KS,20,Kansas,125,Montgomery,,
KS,20,Kansas,127,Morris,,
KS,20,Kansas,129,Morton,,
KS,20,Kansas,131,Nemaha,,
KS,20,Kansas,133,Neosho,,
KS,20,Kansas,135,Ness,,
KS,20,Kansas,137,Norton,,
KS,20,Kansas,139,Osage,,
KS,20,Kansas,141,Osborne,,
KS,20,Kansas,143,Ottawa,,
KS,20,Kansas,145,Pawnee,,
KS,20,Kansas,147,Phillips,,
KS,20,Kansas,149,Pottawatomie,,
KS,20,Kansas,151,Pratt,,
KS,20,Kansas,153,Rawlins,,
KS,20,Kansas,155,Reno,,
KS,20,Kansas,157,Republic,,
KS,20,Kansas,159,Rice,,
KS,20,Kansas,161,Riley,,
KS,20,Kansas,163,Rooks,,
KS,20,Kansas,165,Rush,,
KS,20,Kansas,167,Russell,,
KS,20,Kansas,169,Saline,,
KS,20,Kansas,171,Scott,,
KS,20,Kansas,173,Sedgwick,,
KS,20,Kansas,175,Seward,,
KS,20,Kansas,177,Shawnee,,
KS,20,Kansas,179,Sheridan,,
KS,20,Kansas,181,Sherman,,
KS,20,Kansas,183,Smith,,
KS,20,Kansas,185,Stafford,,
KS,20,Kansas,187,Stanton,,
KS,20,Kansas,189,Stevens,,
KS,20,Kansas,191,Sumner,,
KS,20,Kansas,193,Thomas,,
KS,20,Kansas,195,Trego,,
KS,20,Kansas,197,Wabaunsee,,
KS,20,Kansas,199,Wallace,,
KS,20,Kansas,201,Washington,,
KS,20,Kansas,203,Wichita,,
KS,20,Kansas,205,Wilson,,
KS,20,Kansas,207,Woodson,,
KS,20,Kansas,209,Wyandotte,,
KY,21,Kentucky,1,Adair,,
KY,21,Kentucky,3,Allen,,
KY,21,Kentucky,5,Anderson,,
KY,21,Kentucky,7,Ballard,,
KY,21,Kentucky,9,Barren,,
KY,21,Kentucky,11,Bath,,
KY,21,Kentucky,13,Bell,,
KY,21,Kentucky,15,Boone,,
KY,21,Kentucky,17,Bourbon,,
KY,21,Kentucky,19,Boyd,,
KY,21,Kentucky,21,Boyle,,
KY,21,Kentucky,23,Bracken,,
KY,21,Kentucky,25,Breathitt,,
KY,21,Kentucky,27,Breckinridge,,
KY,21,Kentucky,29,Bullitt,,
KY,21,Kentucky,31,Butler,,
KY,21,Kentucky,33,Caldwell,,
KY,21,Kentucky,35,Calloway,,
KY,21,Kentucky,37,Campbell,,
KY,21,Kentucky,39,Carlisle,,
KY,21,Kentucky,41,Carroll,,
KY,21,Kentucky,43,Carter,,
KY,21,Kentucky,45,Casey,,
KY,21,Kentucky,47,Christian,,
KY,21,Kentucky,49,Clark,,
KY,21,Kentucky,51,Clay,,
KY,21,Kentucky,53,Clinton,,
KY,21,Kentucky,55,Crittenden,,
KY,21,Kentucky,57,Cumberland,,
KY,21,Kentucky,59,Daviess,,
KY,21,Kentucky,61,Edmonson,,
KY,21,Kentucky,63,Elliott,,
KY,21,Kentucky,65,Estill,,
KY,21,Kentucky,67,Fayette,,
KY,21,Kentucky,69,Fleming,,
KY,21,Kentucky,71,Floyd,,
KY,21,Kentucky,73,Franklin,,
KY,21,Kentucky,75,Fulton,,
KY,21,Kentucky,77,Gallatin,,
KY,21,Kentucky,79,Garrard,,
KY,21,Kentucky,81,Grant,,
KY,21,Kentucky,83,Graves,,
KY,21,Kentucky,85,Grayson,,
KY,21,Kentucky,87,Green,,
KY,21,Kentucky,89,Greenup,,
KY,21,Kentucky,91,Hancock,,
KY,21,Kentucky,93,Hardin,,
KY,21,Kentucky,95,Harlan,,
KY,21,Kentucky,97,Harrison,,
KY,21,Kentucky,99,Hart,,
KY,21,Kentucky,101,Henderson,,
KY,21,Kentucky,103,Henry,,
KY,21,Kentucky,105,Hickman,,
KY,21,Kentucky,107,Hopkins,,
KY,21,Kentucky,109,Jackson,,
KY,21,Kentucky,111,Jefferson,,
KY,21,Kentucky,113,Jessamine,,
KY,21,Kentucky,115,Johnson,,
KY,21,Kentucky,117,Kenton,,
KY,21,Kentucky,119,Knott,,
KY,21,Kentucky,121,Knox,,
KY,21,Kentucky,123,Larue,,
KY,21,Kentucky,125,Laurel,,
KY,21,Kentucky,127,Lawrence,,
KY,21,Kentucky,129,Lee,,
KY,21,Kentucky,131,Leslie,,
KY,21,Kentucky,133,Letcher,,
KY,21,Kentucky,135,Lewis,,
KY,21,Kentucky,137,Lincoln,,
KY,21,Kentucky,139,Livingston,,
KY,21,Kentucky,141,Logan,,
KY,21,Kentucky,143,Lyon,,
KY,21,Kentucky,151,Madison,,
KY,21,Kentucky,153,Magoffin,,
KY,21,Kentucky,155,Marion,,
KY,21,Kentucky,157,Marshall,,
KY,21,Kentucky,159,Martin,,
KY,21,Kentucky,161,Mason,,
KY,21,Kentucky,145,McCracken,,
KY,21,Kentucky,147,McCreary,,
KY,21,Kentucky,149,McLean,,
KY,21,Kentucky,163,Meade,,
KY,21,Kentucky,165,Menifee,,
KY,21,Kentucky,167,Mercer,,
KY,21,Kentucky,169,Metcalfe,,
KY,21,Kentucky,171,Monroe,,
KY,21,Kentucky,173,Montgomery,,
KY,21,Kentucky,175,Morgan,,
KY,21,Kentucky,177,Muhlenberg,,
KY,21,Kentucky,179,Nelson,,
KY,21,Kentucky,181,Nicholas,,
KY,21,Kentucky,183,Ohio,,
KY,21,Kentucky,185,Oldham,,
KY,21,Kentucky,187,Owen,,
KY,21,Kentucky,189,Owsley,,
KY,21,Kentucky,191,Pendleton,,
KY,21,Kentucky,193,Perry,,
KY,21,Kentucky,195,Pike,,
KY,21,Kentucky,197,Powell,,
KY,21,Kentucky,199,Pulaski,,
KY,21,Kentucky,201,Robertson,,
KY,21,Kentucky,203,Rockcastle,,
KY,21,Kentucky,205,Rowan,,
KY,21,Kentucky,207,Russell,,
KY,21,Kentucky,209,Scott,,
KY,21,Kentucky,211,Shelby,,
KY,21,Kentucky,213,Simpson,,
KY,21,Kentucky,215,Spencer,,
KY,21,Kentucky,217,Taylor,,
KY,21,Kentucky,219,Todd,,
KY,21,Kentucky,221,Trigg,,
KY,21,Kentucky,223,Trimble,,
KY,21,Kentucky,225,Union,,
KY,21,Kentucky,227,Warren,,
KY,21,Kentucky,229,Washington,,
KY,21,Kentucky,231,Wayne,,
KY,21,Kentucky,233,Webster,,
KY,21,Kentucky,235,Whitley,,
KY,21,Kentucky,237,Wolfe,,
KY,21,Kentucky,239,Woodford,,
LA,22,Louisiana,1,Acadia,,
LA,22,Louisiana,3,Allen,,
LA,22,Louisiana,5,Ascension,,
LA,22,Louisiana,7,Assumption,,
LA,22,Louisiana,9,Avoyelles,,
LA,22,Louisiana,11,Beauregard,,
LA,22,Louisiana,13,Bienville,,
LA,22,Louisiana,15,Bossier,,
LA,22,Louisiana,17,Caddo,,
LA,22,Louisiana,19,Calcasieu,,
LA,22,Louisiana,21,Caldwell,,
LA,22,Louisiana,23,Cameron,,
LA,22,Louisiana,25,Catahoula,,
LA,22,Louisiana,27,Claiborne,,
LA,22,Louisiana,29,Concordia,,
LA,22,Louisiana,31,De Soto,,
LA,22,Louisiana,33,East Baton Rouge,,
LA,22,Louisiana,35,East Carroll,,
LA,22,Louisiana,37,East Feliciana,,
LA,22,Louisiana,39,Evangeline,,
LA,22,Louisiana,41,Franklin,,
LA,22,Louisiana,43,Grant,,
LA,22,Louisiana,45,Iberia,,
LA,22,Louisiana,47,Iberville,,
LA,22,Louisiana,49,Jackson,,
LA,22,Louisiana,51,Jefferson,4/21/25,
LA,22,Louisiana,53,Jefferson Davis,,
LA,22,Louisiana,55,Lafayette,,
LA,22,Louisiana,57,Lafourche,,
LA,22,Louisiana,59,LaSalle,,
LA,22,Louisiana,61,Lincoln,,
LA,22,Louisiana,63,Livingston,,
LA,22,Louisiana,65,Madison,,
LA,22,Louisiana,67,Morehouse,,
LA,22,Louisiana,69,Natchitoches,,
LA,22,Louisiana,71,Orleans,4/21/25,
LA,22,Louisiana,73,Ouachita,,
LA,22,Louisiana,75,Plaquemines,,
LA,22,Louisiana,77,Pointe Coupee,,
LA,22,Louisiana,79,Rapides,,
LA,22,Louisiana,81,Red River,,
LA,22,Louisiana,83,Richland,,
LA,22,Louisiana,85,Sabine,,
LA,22,Louisiana,87,St. Bernard,,
LA,22,Louisiana,89,St. Charles,,
LA,22,Louisiana,91,St. Helena,,
LA,22,Louisiana,93,St. James,,
LA,22,Louisiana,95,St. John the Baptist,,
LA,22,Louisiana,97,St. Landry,,
LA,22,Louisiana,99,St. Martin,,
LA,22,Louisiana,101,St. Mary,,
LA,22,Louisiana,103,St. Tammany,,
LA,22,Louisiana,105,Tangipahoa,,
LA,22,Louisiana,107,Tensas,,
LA,22,Louisiana,109,Terrebonne,,
LA,22,Louisiana,111,Union,,
LA,22,Louisiana,113,Vermilion,,
LA,22,Louisiana,115,Vernon,,
LA,22,Louisiana,117,Washington,,
LA,22,Louisiana,119,Webster,,
LA,22,Louisiana,121,West Baton Rouge,,
LA,22,Louisiana,123,West Carroll,,
LA,22,Louisiana,125,West Feliciana,,
LA,22,Louisiana,127,Winn,,
MA,25,Massachusetts,1,Barnstable,1/1/70,
MA,25,Massachusetts,3,Berkshire,1/1/70,
MA,25,Massachusetts,5,Bristol,1/1/70,
MA,25,Massachusetts,7,Dukes,,
MA,25,Massachusetts,9,Essex,1/1/70,
MA,25,Massachusetts,11,Franklin,1/1/70,
MA,25,Massachusetts,13,Hampden,1/1/70,
MA,25,Massachusetts,15,Hampshire,1/1/70,
MA,25,Massachusetts,17,Middlesex,1/1/70,
MA,25,Massachusetts,19,Nantucket,,
MA,25,Massachusetts,21,Norfolk,1/1/70,
MA,25,Massachusetts,23,Plymouth,1/1/70,
MA,25,Massachusetts,25,Suffolk,1/1/70,
MA,25,Massachusetts,27,Worcester,1/1/70,
MD,24,Maryland,1,Allegany,,
MD,24,Maryland,3,Anne Arundel,,
MD,24,Maryland,510,Baltimore,1/1/70,
MD,24,Maryland,5,Baltimore,1/1/70,
MD,24,Maryland,9,Calvert,,
MD,24,Maryland,11,Caroline,,
MD,24,Maryland,13,Carroll,,
MD,24,Maryland,15,Cecil,1/1/70,
MD,24,Maryland,17,Charles,,
MD,24,Maryland,19,Dorchester,,
MD,24,Maryland,21,Frederick,1/1/70,
MD,24,Maryland,23,Garrett,,
MD,24,Maryland,25,Harford,1/1/70,
MD,24,Maryland,27,Howard,1/1/70,
MD,24,Maryland,29,Kent,,
MD,24,Maryland,31,Montgomery,1/1/70,
MD,24,Maryland,33,Prince George's,,
MD,24,Maryland,35,Queen Anne's,,
MD,24,Maryland,39,Somerset,,
MD,24,Maryland,37,St. Mary's,,
MD,24,Maryland,41,Talbot,,
MD,24,Maryland,43,Washington,1/1/70,
MD,24,Maryland,45,Wicomico,,
MD,24,Maryland,47,Worcester,1/1/70,
ME,23,Maine,1,Androscoggin,,
ME,23,Maine,3,Aroostook,,
ME,23,Maine,5,Cumberland,1/1/70,
ME,23,Maine,7,Franklin,,
ME,23,Maine,9,Hancock,8/10/19,
ME,23,Maine,11,Kennebec,8/10/19,
ME,23,Maine,13,Knox,8/13/19,
ME,23,Maine,15,Lincoln,8/13/19,
ME,23,Maine,17,Oxford,1/1/70,
ME,23,Maine,19,Penobscot,8/10/19,
ME,23,Maine,21,Piscataquis,,
ME,23,Maine,23,Sagadahoc,1/1/70,
ME,23,Maine,25,Somerset,8/10/19,
ME,23,Maine,27,Waldo,8/10/19,
ME,23,Maine,29,Washington,,
ME,23,Maine,31,York,1/1/70,
MI,26,Michigan,1,Alcona,,
MI,26,Michigan,3,Alger,,
MI,26,Michigan,5,Allegan,,
MI,26,Michigan,7,Alpena,,
MI,26,Michigan,9,Antrim,,
MI,26,Michigan,11,Arenac,,
MI,26,Michigan,13,Baraga,,
MI,26,Michigan,15,Barry,,
MI,26,Michigan,17,Bay,8/9/12,
MI,26,Michigan,19,Benzie,8/11/12,
MI,26,Michigan,21,Berrien,,
MI,26,Michigan,23,Branch,,
MI,26,Michigan,25,Calhoun,,
MI,26,Michigan,27,Cass,,
MI,26,Michigan,29,Charlevoix,,
MI,26,Michigan,31,Cheboygan,,
MI,26,Michigan,33,Chippewa,,
MI,26,Michigan,35,Clare,8/9/12,
MI,26,Michigan,37,Clinton,,
MI,26,Michigan,39,Crawford,,
MI,26,Michigan,41,Delta,,
MI,26,Michigan,43,Dickinson,,
MI,26,Michigan,45,Eaton,,
MI,26,Michigan,47,Emmet,,
MI,26,Michigan,49,Genesee,8/9/12,
MI,26,Michigan,51,Gladwin,,
MI,26,Michigan,53,Gogebic,,
MI,26,Michigan,55,Grand Traverse,8/9/12,
MI,26,Michigan,57,Gratiot,,
MI,26,Michigan,59,Hillsdale,,
MI,26,Michigan,61,Houghton,,
MI,26,Michigan,63,Huron,,
MI,26,Michigan,65,Ingham,,
MI,26,Michigan,67,Ionia,,
MI,26,Michigan,69,Iosco,,
MI,26,Michigan,71,Iron,,
MI,26,Michigan,73,Isabella,8/9/12,
MI,26,Michigan,75,Jackson,,
MI,26,Michigan,77,Kalamazoo,,
MI,26,Michigan,79,Kalkaska,,
MI,26,Michigan,81,Kent,,
MI,26,Michigan,83,Keweenaw,,
MI,26,Michigan,85,Lake,,
MI,26,Michigan,87,Lapeer,,
MI,26,Michigan,89,Leelanau,8/11/12,
MI,26,Michigan,91,Lenawee,,
MI,26,Michigan,93,Livingston,,
MI,26,Michigan,95,Luce,,
MI,26,Michigan,97,Mackinac,,
MI,26,Michigan,99,Macomb,,
MI,26,Michigan,101,Manistee,8/11/12,
MI,26,Michigan,103,Marquette,,
MI,26,Michigan,105,Mason,,
MI,26,Michigan,107,Mecosta,,
MI,26,Michigan,109,Menominee,,
MI,26,Michigan,111,Midland,8/9/12,
MI,26,Michigan,113,Missaukee,,
MI,26,Michigan,115,Monroe,,
MI,26,Michigan,117,Montcalm,,
MI,26,Michigan,119,Montmorency,,
MI,26,Michigan,121,Muskegon,,
MI,26,Michigan,123,Newaygo,,
MI,26,Michigan,125,Oakland,8/9/12,
MI,26,Michigan,127,Oceana,,
MI,26,Michigan,129,Ogemaw,,
MI,26,Michigan,131,Ontonagon,,
MI,26,Michigan,133,Osceola,8/9/12,
MI,26,Michigan,135,Oscoda,,
MI,26,Michigan,137,Otsego,,
MI,26,Michigan,139,Ottawa,,
MI,26,Michigan,141,Presque Isle,,
MI,26,Michigan,143,Roscommon,,
MI,26,Michigan,145,Saginaw,8/9/12,
MI,26,Michigan,151,Sanilac,,
MI,26,Michigan,153,Schoolcraft,,
MI,26,Michigan,155,Shiawassee,,
MI,26,Michigan,147,St. Clair,,
MI,26,Michigan,149,St. Joseph,,
MI,26,Michigan,157,Tuscola,,
MI,26,Michigan,159,Van Buren,,
MI,26,Michigan,161,Washtenaw,,
MI,26,Michigan,163,Wayne,8/8/12,
MI,26,Michigan,165,Wexford,8/9/12,
MN,27,Minnesota,1,Aitkin,,
MN,27,Minnesota,3,Anoka,,
MN,27,Minnesota,5,Becker,,
MN,27,Minnesota,7,Beltrami,,
MN,27,Minnesota,9,Benton,,
MN,27,Minnesota,11,Big Stone,,
MN,27,Minnesota,13,Blue Earth,,
MN,27,Minnesota,15,Brown,,
MN,27,Minnesota,17,Carlton,,
MN,27,Minnesota,19,Carver,,
MN,27,Minnesota,21,Cass,,
MN,27,Minnesota,23,Chippewa,,
MN,27,Minnesota,25,Chisago,,
MN,27,Minnesota,27,Clay,,
MN,27,Minnesota,29,Clearwater,,
MN,27,Minnesota,31,Cook,,
MN,27,Minnesota,33,Cottonwood,,
MN,27,Minnesota,35,Crow Wing,,
MN,27,Minnesota,37,Dakota,,
MN,27,Minnesota,39,Dodge,,
MN,27,Minnesota,41,Douglas,,
MN,27,Minnesota,43,Faribault,,
MN,27,Minnesota,45,Fillmore,,
MN,27,Minnesota,47,Freeborn,,
MN,27,Minnesota,49,Goodhue,,
MN,27,Minnesota,51,Grant,,
MN,27,Minnesota,53,Hennepin,,
MN,27,Minnesota,55,Houston,,
MN,27,Minnesota,57,Hubbard,,
MN,27,Minnesota,59,Isanti,,
MN,27,Minnesota,61,Itasca,,
MN,27,Minnesota,63,Jackson,,
MN,27,Minnesota,65,Kanabec,,
MN,27,Minnesota,67,Kandiyohi,,
MN,27,Minnesota,69,Kittson,,
MN,27,Minnesota,71,Koochiching,,
MN,27,Minnesota,73,Lac qui Parle,,
MN,27,Minnesota,75,Lake,,
MN,27,Minnesota,77,Lake of the Woods,,
MN,27,Minnesota,79,Le Sueur,,
MN,27,Minnesota,81,Lincoln,,
MN,27,Minnesota,83,Lyon,,
MN,27,Minnesota,87,Mahnomen,,
MN,27,Minnesota,89,Marshall,,
MN,27,Minnesota,91,Martin,,
MN,27,Minnesota,85,McLeod,,
MN,27,Minnesota,93,Meeker,,
MN,27,Minnesota,95,Mille Lacs,,
MN,27,Minnesota,97,Morrison,,
MN,27,Minnesota,99,Mower,,
MN,27,Minnesota,101,Murray,,
MN,27,Minnesota,103,Nicollet,,
MN,27,Minnesota,105,Nobles,,
MN,27,Minnesota,107,Norman,,
MN,27,Minnesota,109,Olmsted,,
MN,27,Minnesota,111,Otter Tail,,
MN,27,Minnesota,113,Pennington,,
MN,27,Minnesota,115,Pine,,
MN,27,Minnesota,117,Pipestone,,
MN,27,Minnesota,119,Polk,,
MN,27,Minnesota,121,Pope,,
MN,27,Minnesota,123,Ramsey,,
MN,27,Minnesota,125,Red Lake,,
MN,27,Minnesota,127,Redwood,,
MN,27,Minnesota,129,Renville,,
MN,27,Minnesota,131,Rice,,
MN,27,Minnesota,133,Rock,,
MN,27,Minnesota,135,Roseau,,
MN,27,Minnesota,139,Scott,,
MN,27,Minnesota,141,Sherburne,,
MN,27,Minnesota,143,Sibley,,
MN,27,Minnesota,137,St. Louis,,
MN,27,Minnesota,145,Stearns,,
MN,27,Minnesota,147,Steele,,
MN,27,Minnesota,149,Stevens,,
MN,27,Minnesota,151,Swift,,
MN,27,Minnesota,153,Todd,,
MN,27,Minnesota,155,Traverse,,
MN,27,Minnesota,157,Wabasha,,
MN,27,Minnesota,159,Wadena,,
MN,27,Minnesota,161,Waseca,,
MN,27,Minnesota,163,Washington,,
MN,27,Minnesota,165,Watonwan,,
MN,27,Minnesota,167,Wilkin,,
MN,27,Minnesota,169,Winona,,
MN,27,Minnesota,171,Wright,,
MN,27,Minnesota,173,Yellow Medicine,,
MO,29,Missouri,1,Adair,,
MO,29,Missouri,3,Andrew,,
MO,29,Missouri,5,Atchison,,
MO,29,Missouri,7,Audrain,,
MO,29,Missouri,9,Barry,,
MO,29,Missouri,11,Barton,,
MO,29,Missouri,13,Bates,,
MO,29,Missouri,15,Benton,,
MO,29,Missouri,17,Bollinger,,
MO,29,Missouri,19,Boone,,
MO,29,Missouri,21,Buchanan,,
MO,29,Missouri,23,Butler,,
MO,29,Missouri,25,Caldwell,,
MO,29,Missouri,27,Callaway,,
MO,29,Missouri,29,Camden,,
MO,29,Missouri,31,Cape Girardeau,,
MO,29,Missouri,33,Carroll,,
MO,29,Missouri,35,Carter,,
MO,29,Missouri,37,Cass,,
MO,29,Missouri,39,Cedar,,
MO,29,Missouri,41,Chariton,,
MO,29,Missouri,43,Christian,,
MO,29,Missouri,45,Clark,,
MO,29,Missouri,47,Clay,,
MO,29,Missouri,49,Clinton,,
MO,29,Missouri,51,Cole,,
MO,29,Missouri,53,Cooper,,
MO,29,Missouri,55,Crawford,,
MO,29,Missouri,57,Dade,,
MO,29,Missouri,59,Dallas,,
MO,29,Missouri,61,Daviess,,
MO,29,Missouri,63,DeKalb,,
MO,29,Missouri,65,Dent,,
MO,29,Missouri,67,Douglas,,
MO,29,Missouri,69,Dunklin,,
MO,29,Missouri,71,Franklin,,
MO,29,Missouri,73,Gasconade,,
MO,29,Missouri,75,Gentry,,
MO,29,Missouri,77,Greene,,
MO,29,Missouri,79,Grundy,,
MO,29,Missouri,81,Harrison,,
MO,29,Missouri,83,Henry,,
MO,29,Missouri,85,Hickory,,
MO,29,Missouri,87,Holt,,
MO,29,Missouri,89,Howard,,
MO,29,Missouri,91,Howell,,
MO,29,Missouri,93,Iron,,
MO,29,Missouri,95,Jackson,,
MO,29,Missouri,97,Jasper,,
MO,29,Missouri,99,Jefferson,,
MO,29,Missouri,101,Johnson,,
MO,29,Missouri,103,Knox,,
MO,29,Missouri,105,Laclede,,
MO,29,Missouri,107,Lafayette,,
MO,29,Missouri,109,Lawrence,,
MO,29,Missouri,111,Lewis,,
MO,29,Missouri,113,Lincoln,,
MO,29,Missouri,115,Linn,,
MO,29,Missouri,117,Livingston,,
MO,29,Missouri,121,Macon,,
MO,29,Missouri,123,Madison,,
MO,29,Missouri,125,Maries,,
MO,29,Missouri,127,Marion,,
MO,29,Missouri,119,McDonald,,
MO,29,Missouri,129,Mercer,,
MO,29,Missouri,131,Miller,,
MO,29,Missouri,133,Mississippi,,
MO,29,Missouri,135,Moniteau,,
MO,29,Missouri,137,Monroe,,
MO,29,Missouri,139,Montgomery,,
MO,29,Missouri,141,Morgan,,
MO,29,Missouri,143,New Madrid,,
MO,29,Missouri,145,Newton,,
MO,29,Missouri,147,Nodaway,,
MO,29,Missouri,149,Oregon,,
MO,29,Missouri,151,Osage,,
MO,29,Missouri,153,Ozark,,
MO,29,Missouri,155,Pemiscot,,
MO,29,Missouri,157,Perry,,
MO,29,Missouri,159,Pettis,,
MO,29,Missouri,161,Phelps,,
MO,29,Missouri,163,Pike,,
MO,29,Missouri,165,Platte,,
MO,29,Missouri,167,Polk,,
MO,29,Missouri,169,Pulaski,,
MO,29,Missouri,171,Putnam,,
MO,29,Missouri,173,Ralls,,
MO,29,Missouri,175,Randolph,,
MO,29,Missouri,177,Ray,,
MO,29,Missouri,179,Reynolds,,
MO,29,Missouri,181,Ripley,,
MO,29,Missouri,195,Saline,,
MO,29,Missouri,197,Schuyler,,
MO,29,Missouri,199,Scotland,,
MO,29,Missouri,201,Scott,,
MO,29,Missouri,203,Shannon,,
MO,29,Missouri,205,Shelby,,
MO,29,Missouri,183,St. Charles,,
MO,29,Missouri,185,St. Clair,,
MO,29,Missouri,187,St. Francois,,
MO,29,Missouri,189,St. Louis,,
MO,29,Missouri,510,St. Louis,,
MO,29,Missouri,186,Ste. Genevieve,,
MO,29,Missouri,207,Stoddard,,
MO,29,Missouri,209,Stone,,
MO,29,Missouri,211,Sullivan,,
MO,29,Missouri,213,Taney,,
MO,29,Missouri,215,Texas,,
MO,29,Missouri,217,Vernon,,
MO,29,Missouri,219,Warren,,
MO,29,Missouri,221,Washington,,
MO,29,Missouri,223,Wayne,,
MO,29,Missouri,225,Webster,,
MO,29,Missouri,227,Worth,,
MO,29,Missouri,229,Wright,,
MP,69,Northern Mariana Islands,85,Northern Islands,,
MP,69,Northern Mariana Islands,100,Rota,,
MP,69,Northern Mariana Islands,110,Saipan,,
MP,69,Northern Mariana Islands,120,Tinian,,
MS,28,Mississippi,1,Adams,,
MS,28,Mississippi,3,Alcorn,,
MS,28,Mississippi,5,Amite,,
MS,28,Mississippi,7,Attala,,
MS,28,Mississippi,9,Benton,,
MS,28,Mississippi,11,Bolivar,,
MS,28,Mississippi,13,Calhoun,,
MS,28,Mississippi,15,Carroll,,
MS,28,Mississippi,17,Chickasaw,,
MS,28,Mississippi,19,Choctaw,,
MS,28,Mississippi,21,Claiborne,,
MS,28,Mississippi,23,Clarke,,
MS,28,Mississippi,25,Clay,,
MS,28,Mississippi,27,Coahoma,,
MS,28,Mississippi,29,Copiah,,
MS,28,Mississippi,31,Covington,,
MS,28,Mississippi,33,DeSoto,,
MS,28,Mississippi,35,Forrest,,
MS,28,Mississippi,37,Franklin,,
MS,28,Mississippi,39,George,,
MS,28,Mississippi,41,Greene,,
MS,28,Mississippi,43,Grenada,,
MS,28,Mississippi,45,Hancock,,
MS,28,Mississippi,47,Harrison,,
MS,28,Mississippi,49,Hinds,,
MS,28,Mississippi,51,Holmes,,
MS,28,Mississippi,53,Humphreys,,
MS,28,Mississippi,55,Issaquena,,
MS,28,Mississippi,57,Itawamba,,
MS,28,Mississippi,59,Jackson,,
MS,28,Mississippi,61,Jasper,,
MS,28,Mississippi,63,Jefferson,,
MS,28,Mississippi,65,Jefferson Davis,,
MS,28,Mississippi,67,Jones,,
MS,28,Mississippi,69,Kemper,,
MS,28,Mississippi,71,Lafayette,,
MS,28,Mississippi,73,Lamar,,
MS,28,Mississippi,75,Lauderdale,,
MS,28,Mississippi,77,Lawrence,,
MS,28,Mississippi,79,Leake,,
MS,28,Mississippi,81,Lee,,
MS,28,Mississippi,83,Leflore,,
MS,28,Mississippi,85,Lincoln,,
MS,28,Mississippi,87,Lowndes,,
MS,28,Mississippi,89,Madison,,
MS,28,Mississippi,91,Marion,,
MS,28,Mississippi,93,Marshall,,
MS,28,Mississippi,95,Monroe,,
MS,28,Mississippi,97,Montgomery,,
MS,28,Mississippi,99,Neshoba,,
MS,28,Mississippi,101,Newton,,
MS,28,Mississippi,103,Noxubee,,
MS,28,Mississippi,105,Oktibbeha,,
MS,28,Mississippi,107,Panola,,
MS,28,Mississippi,109,Pearl River,,
MS,28,Mississippi,111,Perry,,
MS,28,Mississippi,113,Pike,,
MS,28,Mississippi,115,Pontotoc,,
MS,28,Mississippi,117,Prentiss,,
MS,28,Mississippi,119,Quitman,,
MS,28,Mississippi,121,Rankin,,
MS,28,Mississippi,123,Scott,,
MS,28,Mississippi,125,Sharkey,,
MS,28,Mississippi,127,Simpson,,
MS,28,Mississippi,129,Smith,,
MS,28,Mississippi,131,Stone,,
MS,28,Mississippi,133,Sunflower,,
MS,28,Mississippi,135,Tallahatchie,,
MS,28,Mississippi,137,Tate,,
MS,28,Mississippi,139,Tippah,,
MS,28,Mississippi,141,Tishomingo,,
MS,28,Mississippi,143,Tunica,,
MS,28,Mississippi,145,Union,,
MS,28,Mississippi,147,Walthall,,
MS,28,Mississippi,149,Warren,,
MS,28,Mississippi,151,Washington,,
MS,28,Mississippi,153,Wayne,,
MS,28,Mississippi,155,Webster,,
MS,28,Mississippi,157,Wilkinson,,
MS,28,Mississippi,159,Winston,,
MS,28,Mississippi,161,Yalobusha,,
MS,28,Mississippi,163,Yazoo,,
MT,30,Montana,1,Beaverhead,,
MT,30,Montana,3,Big Horn,,
MT,30,Montana,5,Blaine,,
MT,30,Montana,7,Broadwater,,
MT,30,Montana,9,Carbon,,
MT,30,Montana,11,Carter,,
MT,30,Montana,13,Cascade,,
MT,30,Montana,15,Chouteau,,
MT,30,Montana,17,Custer,,
MT,30,Montana,19,Daniels,,
MT,30,Montana,21,Dawson,,
MT,30,Montana,23,Deer Lodge,,
MT,30,Montana,25,Fallon,,
MT,30,Montana,27,Fergus,,
MT,30,Montana,29,Flathead,,
MT,30,Montana,31,Gallatin,,
MT,30,Montana,33,Garfield,,
MT,30,Montana,35,Glacier,,
MT,30,Montana,37,Golden Valley,,
MT,30,Montana,39,Granite,,
MT,30,Montana,41,Hill,,
MT,30,Montana,43,Jefferson,,
MT,30,Montana,45,Judith Basin,,
MT,30,Montana,47,Lake,,
MT,30,Montana,49,Lewis and Clark,,
MT,30,Montana,51,Liberty,,
MT,30,Montana,53,Lincoln,,
MT,30,Montana,57,Madison,,
MT,30,Montana,55,McCone,,
MT,30,Montana,59,Meagher,,
MT,30,Montana,61,Mineral,,
MT,30,Montana,63,Missoula,,
MT,30,Montana,65,Musselshell,,
MT,30,Montana,67,Park,,
MT,30,Montana,69,Petroleum,,
MT,30,Montana,71,Phillips,,
MT,30,Montana,73,Pondera,,
MT,30,Montana,75,Powder River,,
MT,30,Montana,77,Powell,,
MT,30,Montana,79,Prairie,,
MT,30,Montana,81,Ravalli,,
MT,30,Montana,83,Richland,,
MT,30,Montana,85,Roosevelt,,
MT,30,Montana,87,Rosebud,,
MT,30,Montana,89,Sanders,,
MT,30,Montana,91,Sheridan,,
MT,30,Montana,93,Silver Bow,,
MT,30,Montana,95,Stillwater,,
MT,30,Montana,97,Sweet Grass,,
MT,30,Montana,99,Teton,,
MT,30,Montana,101,Toole,,
MT,30,Montana,103,Treasure,,
MT,30,Montana,105,Valley,,
MT,30,Montana,107,Wheatland,,
MT,30,Montana,109,Wibaux,,
MT,30,Montana,111,Yellowstone,,
NC,37,North Carolina,1,Alamance,1/1/70,
NC,37,North Carolina,3,Alexander,1/1/70,
NC,37,North Carolina,5,Alleghany,1/1/70,
NC,37,North Carolina,7,Anson,1/1/70,
NC,37,North Carolina,9,Ashe,1/1/70,
NC,37,North Carolina,11,Avery,1/1/70,
NC,37,North Carolina,13,Beaufort,,
NC,37,North Carolina,15,Bertie,,
NC,37,North Carolina,17,Bladen,,
NC,37,North Carolina,19,Brunswick,12/14/24,
NC,37,North Carolina,21,Buncombe,1/1/70,
NC,37,North Carolina,23,Burke,1/1/70,
NC,37,North Carolina,25,Cabarrus,1/1/70,
NC,37,North Carolina,27,Caldwell,1/1/70,
NC,37,North Carolina,29,Camden,,
NC,37,North Carolina,31,Carteret,1/1/70,
NC,37,North Carolina,33,Caswell,1/1/70,
NC,37,North Carolina,35,Catawba,1/1/70,
NC,37,North Carolina,37,Chatham,1/1/70,
NC,37,North Carolina,39,Cherokee,1/1/70,
NC,37,North Carolina,41,Chowan,,
NC,37,North Carolina,43,Clay,1/1/70,
NC,37,North Carolina,45,Cleveland,1/1/70,
NC,37,North Carolina,47,Columbus,12/14/24,
NC,37,North Carolina,49,Craven,1/1/70,
NC,37,North Carolina,51,Cumberland,1/1/70,
NC,37,North Carolina,53,Currituck,1/1/70,
NC,37,North Carolina,55,Dare,1/1/70,
NC,37,North Carolina,57,Davidson,1/1/70,
NC,37,North Carolina,59,Davie,1/1/70,
NC,37,North Carolina,61,Duplin,,
NC,37,North Carolina,63,Durham,1/1/70,
NC,37,North Carolina,65,Edgecombe,,
NC,37,North Carolina,67,Forsyth,1/1/70,
NC,37,North Carolina,69,Franklin,5/7/25,
NC,37,North Carolina,71,Gaston,1/1/70,
NC,37,North Carolina,73,Gates,,
NC,37,North Carolina,75,Graham,1/1/70,
NC,37,North Carolina,77,Granville,5/7/25,
NC,37,North Carolina,79,Greene,,
NC,37,North Carolina,81,Guilford,1/1/70,
NC,37,North Carolina,83,Halifax,1/1/70,
NC,37,North Carolina,85,Harnett,1/1/70,
NC,37,North Carolina,87,Haywood,1/1/70,
NC,37,North Carolina,89,Henderson,1/1/70,
NC,37,North Carolina,91,Hertford,,
NC,37,North Carolina,93,Hoke,12/14/24,
NC,37,North Carolina,95,Hyde,,
NC,37,North Carolina,97,Iredell,1/1/70,
NC,37,North Carolina,99,Jackson,1/1/70,
NC,37,North Carolina,101,Johnston,1/1/70,
NC,37,North Carolina,103,Jones,1/1/70,
NC,37,North Carolina,105,Lee,1/1/70,
NC,37,North Carolina,107,Lenoir,1/1/70,
NC,37,North Carolina,109,Lincoln,1/1/70,
NC,37,North Carolina,113,Macon,1/1/70,
NC,37,North Carolina,115,Madison,1/1/70,
NC,37,North Carolina,117,Martin,,
NC,37,North Carolina,111,McDowell,1/1/70,
NC,37,North Carolina,119,Mecklenburg,1/1/70,
NC,37,North Carolina,121,Mitchell,1/1/70,
NC,37,North Carolina,123,Montgomery,1/1/70,
NC,37,North Carolina,125,Moore,1/1/70,
NC,37,North Carolina,127,Nash,1/1/70,
NC,37,North Carolina,129,New Hanover,,
NC,37,North Carolina,131,Northampton,1/1/70,
NC,37,North Carolina,133,Onslow,,
NC,37,North Carolina,135,Orange,1/1/70,
NC,37,North Carolina,137,Pamlico,,
NC,37,North Carolina,139,Pasquotank,,
NC,37,North Carolina,141,Pender,,
NC,37,North Carolina,143,Perquimans,,
NC,37,North Carolina,145,Person,,
NC,37,North Carolina,147,Pitt,,
NC,37,North Carolina,149,Polk,1/1/70,
NC,37,North Carolina,151,Randolph,1/1/70,
NC,37,North Carolina,153,Richmond,1/1/70,
NC,37,North Carolina,155,Robeson,1/1/70,
NC,37,North Carolina,157,Rockingham,1/1/70,
NC,37,North Carolina,159,Rowan,1/1/70,
NC,37,North Carolina,161,Rutherford,1/1/70,
NC,37,North Carolina,163,Sampson,,
NC,37,North Carolina,165,Scotland,1/1/70,
NC,37,North Carolina,167,Stanly,1/1/70,
NC,37,North Carolina,169,Stokes,1/1/70,
NC,37,North Carolina,171,Surry,1/1/70,
NC,37,North Carolina,173,Swain,1/1/70,
NC,37,North Carolina,175,Transylvania,1/1/70,
NC,37,North Carolina,177,Tyrrell,,
NC,37,North Carolina,179,Union,1/1/70,
NC,37,North Carolina,181,Vance,5/7/25,
NC,37,North Carolina,183,Wake,1/1/70,
NC,37,North Carolina,185,Warren,5/7/25,
NC,37,North Carolina,187,Washington,,
NC,37,North Carolina,189,Watauga,1/1/70,
NC,37,North Carolina,191,Wayne,1/1/70,
NC,37,North Carolina,193,Wilkes,1/1/70,
NC,37,North Carolina,195,Wilson,1/1/70,
NC,37,North Carolina,197,Yadkin,1/1/70,
NC,37,North Carolina,199,Yancey,1/1/70,
ND,38,North Dakota,1,Adams,,
ND,38,North Dakota,3,Barnes,,
ND,38,North Dakota,5,Benson,,
ND,38,North Dakota,7,Billings,,
ND,38,North Dakota,9,Bottineau,,
ND,38,North Dakota,11,Bowman,,
ND,38,North Dakota,13,Burke,,
ND,38,North Dakota,15,Burleigh,,
ND,38,North Dakota,17,Cass,,
ND,38,North Dakota,19,Cavalier,,
ND,38,North Dakota,21,Dickey,,
ND,38,North Dakota,23,Divide,,
ND,38,North Dakota,25,Dunn,,
ND,38,North Dakota,27,Eddy,,
ND,38,North Dakota,29,Emmons,,
ND,38,North Dakota,31,Foster,,
ND,38,North Dakota,33,Golden Valley,,
ND,38,North Dakota,35,Grand Forks,,
ND,38,North Dakota,37,Grant,,
ND,38,North Dakota,39,Griggs,,
ND,38,North Dakota,41,Hettinger,,
ND,38,North Dakota,43,Kidder,,
ND,38,North Dakota,45,LaMoure,,
ND,38,North Dakota,47,Logan,,
ND,38,North Dakota,49,McHenry,,
ND,38,North Dakota,51,McIntosh,,
ND,38,North Dakota,53,McKenzie,,
ND,38,North Dakota,55,McLean,,
ND,38,North Dakota,57,Mercer,,
ND,38,North Dakota,59,Morton,,
ND,38,North Dakota,61,Mountrail,,
ND,38,North Dakota,63,Nelson,,
ND,38,North Dakota,65,Oliver,,
ND,38,North Dakota,67,Pembina,,
ND,38,North Dakota,69,Pierce,,
ND,38,North Dakota,71,Ramsey,,
ND,38,North Dakota,73,Ransom,,
ND,38,North Dakota,75,Renville,,
ND,38,North Dakota,77,Richland,,
ND,38,North Dakota,79,Rolette,,
ND,38,North Dakota,81,Sargent,,
ND,38,North Dakota,83,Sheridan,,
ND,38,North Dakota,85,Sioux,,
ND,38,North Dakota,87,Slope,,
ND,38,North Dakota,89,Stark,,
ND,38,North Dakota,91,Steele,,
ND,38,North Dakota,93,Stutsman,,
ND,38,North Dakota,95,Towner,,
ND,38,North Dakota,97,Traill,,
ND,38,North Dakota,99,Walsh,,
ND,38,North Dakota,101,Ward,,
ND,38,North Dakota,103,Wells,,
ND,38,North Dakota,105,Williams,,
NE,31,Nebraska,1,Adams,,
NE,31,Nebraska,3,Antelope,,
NE,31,Nebraska,5,Arthur,,
NE,31,Nebraska,7,Banner,,
NE,31,Nebraska,9,Blaine,3/22/24,
NE,31,Nebraska,11,Boone,,
NE,31,Nebraska,13,Box Butte,,
NE,31,Nebraska,15,Boyd,,
NE,31,Nebraska,17,Brown,,
NE,31,Nebraska,19,Buffalo,3/21/24,
NE,31,Nebraska,21,Burt,,
NE,31,Nebraska,23,Butler,,
NE,31,Nebraska,25,Cass,1/1/70,
NE,31,Nebraska,27,Cedar,,
NE,31,Nebraska,29,Chase,,
NE,31,Nebraska,31,Cherry,,
NE,31,Nebraska,33,Cheyenne,,
NE,31,Nebraska,35,Clay,,
NE,31,Nebraska,37,Colfax,,
NE,31,Nebraska,39,Cuming,,
NE,31,Nebraska,41,Custer,3/22/24,
NE,31,Nebraska,43,Dakota,,
NE,31,Nebraska,45,Dawes,,
NE,31,Nebraska,47,Dawson,,
NE,31,Nebraska,49,Deuel,,
NE,31,Nebraska,51,Dixon,,
NE,31,Nebraska,53,Dodge,,
NE,31,Nebraska,55,Douglas,1/1/70,
NE,31,Nebraska,57,Dundy,,
NE,31,Nebraska,59,Fillmore,,
NE,31,Nebraska,61,Franklin,,
NE,31,Nebraska,63,Frontier,,
NE,31,Nebraska,65,Furnas,,
NE,31,Nebraska,67,Gage,,
NE,31,Nebraska,69,Garden,,
NE,31,Nebraska,71,Garfield,,
NE,31,Nebraska,73,Gosper,,
NE,31,Nebraska,75,Grant,,
NE,31,Nebraska,77,Greeley,,
NE,31,Nebraska,79,Hall,3/21/24,
NE,31,Nebraska,81,Hamilton,3/21/24,
NE,31,Nebraska,83,Harlan,,
NE,31,Nebraska,85,Hayes,,
NE,31,Nebraska,87,Hitchcock,,
NE,31,Nebraska,89,Holt,,
NE,31,Nebraska,91,Hooker,,
NE,31,Nebraska,93,Howard,,
NE,31,Nebraska,95,Jefferson,,
NE,31,Nebraska,97,Johnson,,
NE,31,Nebraska,99,Kearney,3/22/24,
NE,31,Nebraska,101,Keith,,
NE,31,Nebraska,103,Keya Paha,,
NE,31,Nebraska,105,Kimball,,
NE,31,Nebraska,107,Knox,,
NE,31,Nebraska,109,Lancaster,3/21/24,
NE,31,Nebraska,111,Lincoln,,
NE,31,Nebraska,113,Logan,,
NE,31,Nebraska,115,Loup,,
NE,31,Nebraska,119,Madison,,
NE,31,Nebraska,117,McPherson,,
NE,31,Nebraska,121,Merrick,,
NE,31,Nebraska,123,Morrill,,
NE,31,Nebraska,125,Nance,,
NE,31,Nebraska,127,Nemaha,1/1/70,
NE,31,Nebraska,129,Nuckolls,,
NE,31,Nebraska,131,Otoe,1/1/70,
NE,31,Nebraska,133,Pawnee,,
NE,31,Nebraska,135,Perkins,,
NE,31,Nebraska,137,Phelps,,
NE,31,Nebraska,139,Pierce,,
NE,31,Nebraska,141,Platte,,
NE,31,Nebraska,143,Polk,,
NE,31,Nebraska,145,Red Willow,,
NE,31,Nebraska,147,Richardson,,
NE,31,Nebraska,149,Rock,,
NE,31,Nebraska,151,Saline,,
NE,31,Nebraska,153,Sarpy,1/1/70,
NE,31,Nebraska,155,Saunders,,
NE,31,Nebraska,157,Scotts Bluff,,
NE,31,Nebraska,159,Seward,3/21/24,
NE,31,Nebraska,161,Sheridan,,
NE,31,Nebraska,163,Sherman,3/22/24,
NE,31,Nebraska,165,Sioux,,
NE,31,Nebraska,167,Stanton,,
NE,31,Nebraska,169,Thayer,,
NE,31,Nebraska,171,Thomas,,
NE,31,Nebraska,173,Thurston,,
NE,31,Nebraska,175,Valley,,
NE,31,Nebraska,177,Washington,,
NE,31,Nebraska,179,Wayne,,
NE,31,Nebraska,181,Webster,,
NE,31,Nebraska,183,Wheeler,,
NE,31,Nebraska,185,York,3/21/24,
NH,33,New Hampshire,1,Belknap,1/1/70,
NH,33,New Hampshire,3,Carroll,1/1/70,
NH,33,New Hampshire,5,Cheshire,1/1/70,
NH,33,New Hampshire,7,Coos,1/1/70,
NH,33,New Hampshire,9,Grafton,1/1/70,
NH,33,New Hampshire,11,Hillsborough,1/1/70,
NH,33,New Hampshire,13,Merrimack,1/1/70,
NH,33,New Hampshire,15,Rockingham,1/1/70,
NH,33,New Hampshire,17,Strafford,1/1/70,
NH,33,New Hampshire,19,Sullivan,1/1/70,
NJ,34,New Jersey,1,Atlantic,,
NJ,34,New Jersey,3,Bergen,1/1/70,
NJ,34,New Jersey,5,Burlington,1/1/70,
NJ,34,New Jersey,7,Camden,1/1/70,
NJ,34,New Jersey,9,Cape May,,
NJ,34,New Jersey,11,Cumberland,,
NJ,34,New Jersey,13,Essex,1/1/70,
NJ,34,New Jersey,15,Gloucester,1/1/70,
NJ,34,New Jersey,17,Hudson,1/1/70,
NJ,34,New Jersey,19,Hunterdon,1/1/70,
NJ,34,New Jersey,21,Mercer,1/1/70,
NJ,34,New Jersey,23,Middlesex,1/1/70,
NJ,34,New Jersey,25,Monmouth,1/1/70,
NJ,34,New Jersey,27,Morris,1/1/70,
NJ,34,New Jersey,29,Ocean,,
NJ,34,New Jersey,31,Passaic,1/1/70,
NJ,34,New Jersey,33,Salem,1/1/70,
NJ,34,New Jersey,35,Somerset,1/1/70,
NJ,34,New Jersey,37,Sussex,1/1/70,
NJ,34,New Jersey,39,Union,1/1/70,
NJ,34,New Jersey,41,Warren,1/1/70,
NM,35,New Mexico,1,Bernalillo,,
NM,35,New Mexico,3,Catron,,
NM,35,New Mexico,5,Chaves,,
NM,35,New Mexico,6,Cibola,,
NM,35,New Mexico,7,Colfax,,
NM,35,New Mexico,9,Curry,,
NM,35,New Mexico,11,De Baca,,
NM,35,New Mexico,13,Doa Ana,,
NM,35,New Mexico,15,Eddy,,
NM,35,New Mexico,17,Grant,,
NM,35,New Mexico,19,Guadalupe,,
NM,35,New Mexico,21,Harding,,
NM,35,New Mexico,23,Hidalgo,,
NM,35,New Mexico,25,Lea,,
NM,35,New Mexico,27,Lincoln,,
NM,35,New Mexico,28,Los Alamos,,
NM,35,New Mexico,29,Luna,,
NM,35,New Mexico,31,McKinley,,
NM,35,New Mexico,33,Mora,,
NM,35,New Mexico,35,Otero,,
NM,35,New Mexico,37,Quay,,
NM,35,New Mexico,39,Rio Arriba,,
NM,35,New Mexico,41,Roosevelt,,
NM,35,New Mexico,45,San Juan,,
NM,35,New Mexico,47,San Miguel,,
NM,35,New Mexico,43,Sandoval,,
NM,35,New Mexico,49,Santa Fe,,
NM,35,New Mexico,51,Sierra,,
NM,35,New Mexico,53,Socorro,,
NM,35,New Mexico,55,Taos,,
NM,35,New Mexico,57,Torrance,,
NM,35,New Mexico,59,Union,,
NM,35,New Mexico,61,Valencia,,
NV,32,Nevada,510,Carson City,,
NV,32,Nevada,1,Churchill,,
NV,32,Nevada,3,Clark,1/1/70,
NV,32,Nevada,5,Douglas,,
NV,32,Nevada,7,Elko,,
NV,32,Nevada,9,Esmeralda,,
NV,32,Nevada,11,Eureka,,
NV,32,Nevada,13,Humboldt,,
NV,32,Nevada,15,Lander,,
NV,32,Nevada,17,Lincoln,,
NV,32,Nevada,19,Lyon,,
NV,32,Nevada,21,Mineral,,
NV,32,Nevada,23,Nye,,
NV,32,Nevada,27,Pershing,,
NV,32,Nevada,29,Storey,,
NV,32,Nevada,31,Washoe,,
NV,32,Nevada,33,White Pine,,
NY,36,New York,1,Albany,1/1/70,
NY,36,New York,3,Allegany,,
NY,36,New York,5,Bronx,1/1/70,
NY,36,New York,7,Broome,,
NY,36,New York,9,Cattaraugus,,
NY,36,New York,11,Cayuga,1/1/70,
NY,36,New York,13,Chautauqua,1/1/70,
NY,36,New York,15,Chemung,,
NY,36,New York,17,Chenango,,
NY,36,New York,19,Clinton,1/1/70,
NY,36,New York,21,Columbia,1/1/70,
NY,36,New York,23,Cortland,1/1/70,
NY,36,New York,25,Delaware,,
NY,36,New York,27,Dutchess,1/1/70,
NY,36,New York,29,Erie,1/1/70,
NY,36,New York,31,Essex,1/1/70,
NY,36,New York,33,Franklin,,
NY,36,New York,35,Fulton,,
NY,36,New York,37,Genesee,1/1/70,
NY,36,New York,39,Greene,1/1/70,
NY,36,New York,41,Hamilton,,
NY,36,New York,43,Herkimer,1/1/70,
NY,36,New York,45,Jefferson,,
NY,36,New York,47,Kings,1/1/70,
NY,36,New York,49,Lewis,,
NY,36,New York,51,Livingston,,
NY,36,New York,53,Madison,1/1/70,
NY,36,New York,55,Monroe,1/1/70,
NY,36,New York,57,Montgomery,1/1/70,
NY,36,New York,59,Nassau,1/1/70,
NY,36,New York,61,New York,1/1/70,
NY,36,New York,63,Niagara,1/1/70,
NY,36,New York,65,Oneida,1/1/70,
NY,36,New York,67,Onondaga,1/1/70,
NY,36,New York,69,Ontario,1/1/70,
NY,36,New York,71,Orange,1/1/70,
NY,36,New York,73,Orleans,,
NY,36,New York,75,Oswego,,
NY,36,New York,77,Otsego,,
NY,36,New York,79,Putnam,1/1/70,
NY,36,New York,81,Queens,1/1/70,
NY,36,New York,83,Rensselaer,1/1/70,
NY,36,New York,85,Richmond,1/1/70,
NY,36,New York,87,Rockland,1/1/70,
NY,36,New York,91,Saratoga,1/1/70,
NY,36,New York,93,Schenectady,1/1/70,
NY,36,New York,95,Schoharie,,
NY,36,New York,97,Schuyler,,
NY,36,New York,99,Seneca,1/1/70,
NY,36,New York,89,St. Lawrence,,
NY,36,New York,101,Steuben,,
NY,36,New York,103,Suffolk,1/1/70,
NY,36,New York,105,Sullivan,1/1/70,
NY,36,New York,107,Tioga,,
NY,36,New York,109,Tompkins,1/1/70,
NY,36,New York,111,Ulster,1/1/70,
NY,36,New York,113,Warren,1/1/70,
NY,36,New York,115,Washington,1/1/70,
NY,36,New York,117,Wayne,,
NY,36,New York,119,Westchester,1/1/70,
NY,36,New York,121,Wyoming,,
NY,36,New York,123,Yates,,
OH,39,Ohio,1,Adams,,
OH,39,Ohio,3,Allen,,
OH,39,Ohio,5,Ashland,,
OH,39,Ohio,7,Ashtabula,,
OH,39,Ohio,9,Athens,,
OH,39,Ohio,11,Auglaize,,
OH,39,Ohio,13,Belmont,,
OH,39,Ohio,15,Brown,,
OH,39,Ohio,17,Butler,,
OH,39,Ohio,19,Carroll,,
OH,39,Ohio,21,Champaign,,
OH,39,Ohio,23,Clark,,
OH,39,Ohio,25,Clermont,,
OH,39,Ohio,27,Clinton,,
OH,39,Ohio,29,Columbiana,,
OH,39,Ohio,31,Coshocton,,
OH,39,Ohio,33,Crawford,,
OH,39,Ohio,35,Cuyahoga,,
OH,39,Ohio,37,Darke,,
OH,39,Ohio,39,Defiance,,
OH,39,Ohio,41,Delaware,,
OH,39,Ohio,43,Erie,,
OH,39,Ohio,45,Fairfield,,
OH,39,Ohio,47,Fayette,,
OH,39,Ohio,49,Franklin,,
OH,39,Ohio,51,Fulton,,
OH,39,Ohio,53,Gallia,,
OH,39,Ohio,55,Geauga,1/1/70,
OH,39,Ohio,57,Greene,,
OH,39,Ohio,59,Guernsey,,
OH,39,Ohio,61,Hamilton,,
OH,39,Ohio,63,Hancock,,
OH,39,Ohio,65,Hardin,,
OH,39,Ohio,67,Harrison,,
OH,39,Ohio,69,Henry,,
OH,39,Ohio,71,Highland,,
OH,39,Ohio,73,Hocking,,
OH,39,Ohio,75,Holmes,,
OH,39,Ohio,77,Huron,,
OH,39,Ohio,79,Jackson,,
OH,39,Ohio,81,Jefferson,,
OH,39,Ohio,83,Knox,,
OH,39,Ohio,85,Lake,1/1/70,
OH,39,Ohio,87,Lawrence,,
OH,39,Ohio,89,Licking,,
OH,39,Ohio,91,Logan,,
OH,39,Ohio,93,Lorain,,
OH,39,Ohio,95,Lucas,,
OH,39,Ohio,97,Madison,,
OH,39,Ohio,99,Mahoning,,
OH,39,Ohio,101,Marion,,
OH,39,Ohio,103,Medina,,
OH,39,Ohio,105,Meigs,,
OH,39,Ohio,107,Mercer,,
OH,39,Ohio,109,Miami,,
OH,39,Ohio,111,Monroe,,
OH,39,Ohio,113,Montgomery,,
OH,39,Ohio,115,Morgan,,
OH,39,Ohio,117,Morrow,,
OH,39,Ohio,119,Muskingum,,
OH,39,Ohio,121,Noble,,
OH,39,Ohio,123,Ottawa,,
OH,39,Ohio,125,Paulding,,
OH,39,Ohio,127,Perry,,
OH,39,Ohio,129,Pickaway,,
OH,39,Ohio,131,Pike,,
OH,39,Ohio,133,Portage,1/1/70,
OH,39,Ohio,135,Preble,,
OH,39,Ohio,137,Putnam,,
OH,39,Ohio,139,Richland,,
OH,39,Ohio,141,Ross,,
OH,39,Ohio,143,Sandusky,,
OH,39,Ohio,145,Scioto,,
OH,39,Ohio,147,Seneca,,
OH,39,Ohio,149,Shelby,,
OH,39,Ohio,151,Stark,,
OH,39,Ohio,153,Summit,,
OH,39,Ohio,155,Trumbull,1/1/70,
OH,39,Ohio,157,Tuscarawas,,
OH,39,Ohio,159,Union,,
OH,39,Ohio,161,Van Wert,,
OH,39,Ohio,163,Vinton,,
OH,39,Ohio,165,Warren,,
OH,39,Ohio,167,Washington,,
OH,39,Ohio,169,Wayne,,
OH,39,Ohio,171,Williams,,
OH,39,Ohio,173,Wood,,
OH,39,Ohio,175,Wyandot,,
OK,40,Oklahoma,1,Adair,,
OK,40,Oklahoma,3,Alfalfa,,
OK,40,Oklahoma,5,Atoka,,
OK,40,Oklahoma,7,Beaver,,
OK,40,Oklahoma,9,Beckham,,
OK,40,Oklahoma,11,Blaine,,
OK,40,Oklahoma,13,Bryan,,
OK,40,Oklahoma,15,Caddo,,
OK,40,Oklahoma,17,Canadian,,
OK,40,Oklahoma,19,Carter,,
OK,40,Oklahoma,21,Cherokee,,
OK,40,Oklahoma,23,Choctaw,,
OK,40,Oklahoma,25,Cimarron,,
OK,40,Oklahoma,27,Cleveland,,
OK,40,Oklahoma,29,Coal,,
OK,40,Oklahoma,31,Comanche,,
OK,40,Oklahoma,33,Cotton,,
OK,40,Oklahoma,35,Craig,,
OK,40,Oklahoma,37,Creek,,
OK,40,Oklahoma,39,Custer,,
OK,40,Oklahoma,41,Delaware,,
OK,40,Oklahoma,43,Dewey,,
OK,40,Oklahoma,45,Ellis,,
OK,40,Oklahoma,47,Garfield,,
OK,40,Oklahoma,49,Garvin,,
OK,40,Oklahoma,51,Grady,,
OK,40,Oklahoma,53,Grant,,
OK,40,Oklahoma,55,Greer,,
OK,40,Oklahoma,57,Harmon,,
OK,40,Oklahoma,59,Harper,,
OK,40,Oklahoma,61,Haskell,,
OK,40,Oklahoma,63,Hughes,,
OK,40,Oklahoma,65,Jackson,,
OK,40,Oklahoma,67,Jefferson,,
OK,40,Oklahoma,69,Johnston,,
OK,40,Oklahoma,71,Kay,,
OK,40,Oklahoma,73,Kingfisher,,
OK,40,Oklahoma,75,Kiowa,,
OK,40,Oklahoma,77,Latimer,,
OK,40,Oklahoma,79,Le Flore,,
OK,40,Oklahoma,81,Lincoln,,
OK,40,Oklahoma,83,Logan,,
OK,40,Oklahoma,85,Love,,
OK,40,Oklahoma,93,Major,,
OK,40,Oklahoma,95,Marshall,,
OK,40,Oklahoma,97,Mayes,,
OK,40,Oklahoma,87,McClain,,
OK,40,Oklahoma,89,McCurtain,,
OK,40,Oklahoma,91,McIntosh,,
OK,40,Oklahoma,99,Murray,,
OK,40,Oklahoma,101,Muskogee,,
OK,40,Oklahoma,103,Noble,,
OK,40,Oklahoma,105,Nowata,,
OK,40,Oklahoma,107,Okfuskee,,
OK,40,Oklahoma,109,Oklahoma,,
OK,40,Oklahoma,111,Okmulgee,,
OK,40,Oklahoma,113,Osage,,
OK,40,Oklahoma,115,Ottawa,,
OK,40,Oklahoma,117,Pawnee,,
OK,40,Oklahoma,119,Payne,,
OK,40,Oklahoma,121,Pittsburg,,
OK,40,Oklahoma,123,Pontotoc,,
OK,40,Oklahoma,125,Pottawatomie,,
OK,40,Oklahoma,127,Pushmataha,,
OK,40,Oklahoma,129,Roger Mills,,
OK,40,Oklahoma,131,Rogers,,
OK,40,Oklahoma,133,Seminole,,
OK,40,Oklahoma,135,Sequoyah,,
OK,40,Oklahoma,137,Stephens,,
OK,40,Oklahoma,139,Texas,,
OK,40,Oklahoma,141,Tillman,,
OK,40,Oklahoma,143,Tulsa,,
OK,40,Oklahoma,145,Wagoner,,
OK,40,Oklahoma,147,Washington,,
OK,40,Oklahoma,149,Washita,,
OK,40,Oklahoma,151,Woods,,
OK,40,Oklahoma,153,Woodward,,
OR,41,Oregon,1,Baker,,
OR,41,Oregon,3,Benton,,
OR,41,Oregon,5,Clackamas,5/19/19,PNW tour with Mom and Dad.
OR,41,Oregon,7,Clatsop,5/14/19,PNW tour with Mom and Dad.
OR,41,Oregon,9,Columbia,5/15/19,PNW tour with Mom and Dad.
OR,41,Oregon,11,Coos,,
OR,41,Oregon,13,Crook,5/17/19,PNW tour with Mom and Dad.
OR,41,Oregon,15,Curry,,
OR,41,Oregon,17,Deschutes,5/17/19,PNW tour with Mom and Dad.
OR,41,Oregon,19,Douglas,,
OR,41,Oregon,21,Gilliam,,
OR,41,Oregon,23,Grant,5/16/19,PNW tour with Mom and Dad.
OR,41,Oregon,25,Harney,,
OR,41,Oregon,27,Hood River,5/15/19,PNW tour with Mom and Dad.
OR,41,Oregon,29,Jackson,,
OR,41,Oregon,31,Jefferson,5/19/19,PNW tour with Mom and Dad.
OR,41,Oregon,33,Josephine,,
OR,41,Oregon,35,Klamath,,
OR,41,Oregon,37,Lake,,
OR,41,Oregon,39,Lane,,
OR,41,Oregon,41,Lincoln,,
OR,41,Oregon,43,Linn,5/19/19,PNW tour with Mom and Dad.
OR,41,Oregon,45,Malheur,,
OR,41,Oregon,47,Marion,5/19/19,PNW tour with Mom and Dad.
OR,41,Oregon,49,Morrow,,
OR,41,Oregon,51,Multnomah,5/15/19,PNW tour with Mom and Dad.
OR,41,Oregon,53,Polk,,
OR,41,Oregon,55,Sherman,5/16/19,PNW tour with Mom and Dad.
OR,41,Oregon,57,Tillamook,5/15/19,PNW tour with Mom and Dad.
OR,41,Oregon,59,Umatilla,,
OR,41,Oregon,61,Union,,
OR,41,Oregon,63,Wallowa,,
OR,41,Oregon,65,Wasco,5/16/19,PNW tour with Mom and Dad.
OR,41,Oregon,67,Washington,5/15/19,PNW tour with Mom and Dad.
OR,41,Oregon,69,Wheeler,5/16/19,PNW tour with Mom and Dad.
OR,41,Oregon,71,Yamhill,,
PA,42,Pennsylvania,1,Adams,1/1/70,
PA,42,Pennsylvania,3,Allegheny,1/1/70,
PA,42,Pennsylvania,5,Armstrong,,
PA,42,Pennsylvania,7,Beaver,,
PA,42,Pennsylvania,9,Bedford,,
PA,42,Pennsylvania,11,Berks,1/1/70,
PA,42,Pennsylvania,13,Blair,,
PA,42,Pennsylvania,15,Bradford,,
PA,42,Pennsylvania,17,Bucks,1/1/70,
PA,42,Pennsylvania,19,Butler,1/1/70,
PA,42,Pennsylvania,21,Cambria,,
PA,42,Pennsylvania,23,Cameron,,
PA,42,Pennsylvania,25,Carbon,1/1/70,
PA,42,Pennsylvania,27,Centre,1/1/70,
PA,42,Pennsylvania,29,Chester,,
PA,42,Pennsylvania,31,Clarion,1/1/70,
PA,42,Pennsylvania,33,Clearfield,1/1/70,
PA,42,Pennsylvania,35,Clinton,1/1/70,
PA,42,Pennsylvania,37,Columbia,1/1/70,
PA,42,Pennsylvania,39,Crawford,1/1/70,
PA,42,Pennsylvania,41,Cumberland,1/1/70,
PA,42,Pennsylvania,43,Dauphin,1/1/70,
PA,42,Pennsylvania,45,Delaware,1/1/70,
PA,42,Pennsylvania,47,Elk,,
PA,42,Pennsylvania,49,Erie,1/1/70,
PA,42,Pennsylvania,51,Fayette,,
PA,42,Pennsylvania,53,Forest,,
PA,42,Pennsylvania,55,Franklin,1/1/70,
PA,42,Pennsylvania,57,Fulton,,
PA,42,Pennsylvania,59,Greene,12/11/21,
PA,42,Pennsylvania,61,Huntingdon,,
PA,42,Pennsylvania,63,Indiana,,
PA,42,Pennsylvania,65,Jefferson,1/1/70,
PA,42,Pennsylvania,67,Juniata,,
PA,42,Pennsylvania,69,Lackawanna,1/1/70,
PA,42,Pennsylvania,71,Lancaster,1/1/70,
PA,42,Pennsylvania,73,Lawrence,1/1/70,
PA,42,Pennsylvania,75,Lebanon,1/1/70,
PA,42,Pennsylvania,77,Lehigh,1/1/70,
PA,42,Pennsylvania,79,Luzerne,1/1/70,
PA,42,Pennsylvania,81,Lycoming,,
PA,42,Pennsylvania,83,McKean,,
PA,42,Pennsylvania,85,Mercer,1/1/70,
PA,42,Pennsylvania,87,Mifflin,,
PA,42,Pennsylvania,89,Monroe,1/1/70,
PA,42,Pennsylvania,91,Montgomery,,
PA,42,Pennsylvania,93,Montour,1/1/70,
PA,42,Pennsylvania,95,Northampton,1/1/70,
PA,42,Pennsylvania,97,Northumberland,1/1/70,
PA,42,Pennsylvania,99,Perry,,
PA,42,Pennsylvania,101,Philadelphia,1/1/70,
PA,42,Pennsylvania,103,Pike,1/1/70,
PA,42,Pennsylvania,105,Potter,,
PA,42,Pennsylvania,107,Schuylkill,1/1/70,
PA,42,Pennsylvania,109,Snyder,,
PA,42,Pennsylvania,111,Somerset,,
PA,42,Pennsylvania,113,Sullivan,,
PA,42,Pennsylvania,115,Susquehanna,,
PA,42,Pennsylvania,117,Tioga,,
PA,42,Pennsylvania,119,Union,1/1/70,
PA,42,Pennsylvania,121,Venango,1/1/70,
PA,42,Pennsylvania,123,Warren,,
PA,42,Pennsylvania,125,Washington,12/11/21,
PA,42,Pennsylvania,127,Wayne,,
PA,42,Pennsylvania,129,Westmoreland,,
PA,42,Pennsylvania,131,Wyoming,,
PA,42,Pennsylvania,133,York,1/1/70,
PR,72,Puerto Rico,11,Aasco,,
PR,72,Puerto Rico,1,Adjuntas,,
PR,72,Puerto Rico,3,Aguada,,
PR,72,Puerto Rico,5,Aguadilla,,
PR,72,Puerto Rico,7,Aguas Buenas,,
PR,72,Puerto Rico,9,Aibonito,,
PR,72,Puerto Rico,13,Arecibo,,
PR,72,Puerto Rico,15,Arroyo,,
PR,72,Puerto Rico,17,Barceloneta,,
PR,72,Puerto Rico,19,Barranquitas,,
PR,72,Puerto Rico,21,Bayamn,,
PR,72,Puerto Rico,23,Cabo Rojo,,
PR,72,Puerto Rico,25,Caguas,,
PR,72,Puerto Rico,27,Camuy,,
PR,72,Puerto Rico,29,Canvanas,,
PR,72,Puerto Rico,31,Carolina,,
PR,72,Puerto Rico,33,Catao,,
PR,72,Puerto Rico,35,Cayey,,
PR,72,Puerto Rico,37,Ceiba,,
PR,72,Puerto Rico,39,Ciales,,
PR,72,Puerto Rico,41,Cidra,,
PR,72,Puerto Rico,43,Coamo,,
PR,72,Puerto Rico,45,Comero,,
PR,72,Puerto Rico,47,Corozal,,
PR,72,Puerto Rico,49,Culebra,,
PR,72,Puerto Rico,51,Dorado,,
PR,72,Puerto Rico,53,Fajardo,,
PR,72,Puerto Rico,54,Florida,,
PR,72,Puerto Rico,55,Gunica,,
PR,72,Puerto Rico,57,Guayama,,
PR,72,Puerto Rico,59,Guayanilla,,
PR,72,Puerto Rico,61,Guaynabo,,
PR,72,Puerto Rico,63,Gurabo,,
PR,72,Puerto Rico,65,Hatillo,,
PR,72,Puerto Rico,67,Hormigueros,,
PR,72,Puerto Rico,69,Humacao,,
PR,72,Puerto Rico,71,Isabela,,
PR,72,Puerto Rico,73,Jayuya,,
PR,72,Puerto Rico,75,Juana Daz,,
PR,72,Puerto Rico,77,Juncos,,
PR,72,Puerto Rico,79,Lajas,,
PR,72,Puerto Rico,81,Lares,,
PR,72,Puerto Rico,83,Las Maras,,
PR,72,Puerto Rico,85,Las Piedras,,
PR,72,Puerto Rico,87,Loza,,
PR,72,Puerto Rico,89,Luquillo,,
PR,72,Puerto Rico,91,Manat,,
PR,72,Puerto Rico,93,Maricao,,
PR,72,Puerto Rico,95,Maunabo,,
PR,72,Puerto Rico,97,Mayagez,,
PR,72,Puerto Rico,99,Moca,,
PR,72,Puerto Rico,101,Morovis,,
PR,72,Puerto Rico,103,Naguabo,,
PR,72,Puerto Rico,105,Naranjito,,
PR,72,Puerto Rico,107,Orocovis,,
PR,72,Puerto Rico,109,Patillas,,
PR,72,Puerto Rico,111,Peuelas,,
PR,72,Puerto Rico,113,Ponce,,
PR,72,Puerto Rico,115,Quebradillas,,
PR,72,Puerto Rico,119,Ro Grande,,
PR,72,Puerto Rico,117,Rincn,,
PR,72,Puerto Rico,121,Sabana Grande,,
PR,72,Puerto Rico,123,Salinas,,
PR,72,Puerto Rico,125,San Germn,,
PR,72,Puerto Rico,127,San Juan,,
PR,72,Puerto Rico,129,San Lorenzo,,
PR,72,Puerto Rico,131,San Sebastin,,
PR,72,Puerto Rico,133,Santa Isabel,,
PR,72,Puerto Rico,135,Toa Alta,,
PR,72,Puerto Rico,137,Toa Baja,,
PR,72,Puerto Rico,139,Trujillo Alto,,
PR,72,Puerto Rico,141,Utuado,,
PR,72,Puerto Rico,143,Vega Alta,,
PR,72,Puerto Rico,145,Vega Baja,,
PR,72,Puerto Rico,147,Vieques,,
PR,72,Puerto Rico,149,Villalba,,
PR,72,Puerto Rico,151,Yabucoa,,
PR,72,Puerto Rico,153,Yauco,,
RI,44,Rhode Island,1,Bristol,1/1/70,
RI,44,Rhode Island,3,Kent,1/1/70,
RI,44,Rhode Island,5,Newport,1/1/70,
RI,44,Rhode Island,7,Providence,1/1/70,
RI,44,Rhode Island,9,Washington,1/1/70,
SC,45,South Carolina,1,Abbeville,,
SC,45,South Carolina,3,Aiken,,
SC,45,South Carolina,5,Allendale,,
SC,45,South Carolina,7,Anderson,1/1/70,
SC,45,South Carolina,9,Bamberg,12/21/24,
SC,45,South Carolina,11,Barnwell,,
SC,45,South Carolina,13,Beaufort,5/25/24,
SC,45,South Carolina,15,Berkeley,1/1/70,
SC,45,South Carolina,17,Calhoun,1/1/70,
SC,45,South Carolina,19,Charleston,1/1/70,
SC,45,South Carolina,21,Cherokee,1/1/70,
SC,45,South Carolina,23,Chester,4/17/11,Lansford Canal. Based on FB post.
SC,45,South Carolina,25,Chesterfield,1/1/70,
SC,45,South Carolina,27,Clarendon,1/1/70,
SC,45,South Carolina,29,Colleton,1/1/70,
SC,45,South Carolina,31,Darlington,1/1/70,
SC,45,South Carolina,33,Dillon,1/1/70,
SC,45,South Carolina,35,Dorchester,1/1/70,
SC,45,South Carolina,37,Edgefield,,
SC,45,South Carolina,39,Fairfield,1/1/70,
SC,45,South Carolina,41,Florence,1/1/70,
SC,45,South Carolina,43,Georgetown,,
SC,45,South Carolina,45,Greenville,1/1/70,
SC,45,South Carolina,47,Greenwood,,
SC,45,South Carolina,49,Hampton,1/1/70,
SC,45,South Carolina,51,Horry,,
SC,45,South Carolina,53,Jasper,1/1/70,
SC,45,South Carolina,55,Kershaw,1/1/70,
SC,45,South Carolina,57,Lancaster,1/1/70,
SC,45,South Carolina,59,Laurens,1/1/70,
SC,45,South Carolina,61,Lee,,
SC,45,South Carolina,63,Lexington,1/1/70,
SC,45,South Carolina,67,Marion,,
SC,45,South Carolina,69,Marlboro,12/14/24,
SC,45,South Carolina,65,McCormick,,
SC,45,South Carolina,71,Newberry,1/1/70,
SC,45,South Carolina,73,Oconee,1/1/70,
SC,45,South Carolina,75,Orangeburg,1/1/70,
SC,45,South Carolina,77,Pickens,1/1/70,
SC,45,South Carolina,79,Richland,1/1/70,
SC,45,South Carolina,81,Saluda,,
SC,45,South Carolina,83,Spartanburg,1/1/70,
SC,45,South Carolina,85,Sumter,1/1/70,
SC,45,South Carolina,87,Union,,
SC,45,South Carolina,89,Williamsburg,,
SC,45,South Carolina,91,York,4/17/11,Lansford Canal. Based on FB post.
SD,46,South Dakota,3,Aurora,,
SD,46,South Dakota,5,Beadle,,
SD,46,South Dakota,7,Bennett,,
SD,46,South Dakota,9,Bon Homme,,
SD,46,South Dakota,11,Brookings,,
SD,46,South Dakota,13,Brown,,
SD,46,South Dakota,15,Brule,,
SD,46,South Dakota,17,Buffalo,,
SD,46,South Dakota,19,Butte,,
SD,46,South Dakota,21,Campbell,,
SD,46,South Dakota,23,Charles Mix,,
SD,46,South Dakota,25,Clark,,
SD,46,South Dakota,27,Clay,,
SD,46,South Dakota,29,Codington,,
SD,46,South Dakota,31,Corson,,
SD,46,South Dakota,33,Custer,,
SD,46,South Dakota,35,Davison,,
SD,46,South Dakota,37,Day,,
SD,46,South Dakota,39,Deuel,,
SD,46,South Dakota,41,Dewey,,
SD,46,South Dakota,43,Douglas,,
SD,46,South Dakota,45,Edmunds,,
SD,46,South Dakota,47,Fall River,,
SD,46,South Dakota,49,Faulk,,
SD,46,South Dakota,51,Grant,,
SD,46,South Dakota,53,Gregory,,
SD,46,South Dakota,55,Haakon,,
SD,46,South Dakota,57,Hamlin,,
SD,46,South Dakota,59,Hand,,
SD,46,South Dakota,61,Hanson,,
SD,46,South Dakota,63,Harding,,
SD,46,South Dakota,65,Hughes,,
SD,46,South Dakota,67,Hutchinson,,
SD,46,South Dakota,69,Hyde,,
SD,46,South Dakota,71,Jackson,,
SD,46,South Dakota,73,Jerauld,,
SD,46,South Dakota,75,Jones,,
SD,46,South Dakota,77,Kingsbury,,
SD,46,South Dakota,79,Lake,,
SD,46,South Dakota,81,Lawrence,,
SD,46,South Dakota,83,Lincoln,,
SD,46,South Dakota,85,Lyman,,
SD,46,South Dakota,91,Marshall,,
SD,46,South Dakota,87,McCook,,
SD,46,South Dakota,89,McPherson,,
SD,46,South Dakota,93,Meade,,
SD,46,South Dakota,95,Mellette,,
SD,46,South Dakota,97,Miner,,
SD,46,South Dakota,99,Minnehaha,,
SD,46,South Dakota,101,Moody,,
SD,46,South Dakota,102,Oglala Lakota,,
SD,46,South Dakota,103,Pennington,,
SD,46,South Dakota,105,Perkins,,
SD,46,South Dakota,107,Potter,,
SD,46,South Dakota,109,Roberts,,
SD,46,South Dakota,111,Sanborn,,
SD,46,South Dakota,115,Spink,,
SD,46,South Dakota,117,Stanley,,
SD,46,South Dakota,119,Sully,,
SD,46,South Dakota,121,Todd,,
SD,46,South Dakota,123,Tripp,,
SD,46,South Dakota,125,Turner,,
SD,46,South Dakota,127,Union,,
SD,46,South Dakota,129,Walworth,,
SD,46,South Dakota,135,Yankton,,
SD,46,South Dakota,137,Ziebach,,
TN,47,Tennessee,1,Anderson,,
TN,47,Tennessee,3,Bedford,,
TN,47,Tennessee,5,Benton,,
TN,47,Tennessee,7,Bledsoe,,
TN,47,Tennessee,9,Blount,,
TN,47,Tennessee,11,Bradley,,
TN,47,Tennessee,13,Campbell,,
TN,47,Tennessee,15,Cannon,,
TN,47,Tennessee,17,Carroll,,
TN,47,Tennessee,19,Carter,1/1/70,
TN,47,Tennessee,21,Cheatham,,
TN,47,Tennessee,23,Chester,,
TN,47,Tennessee,25,Claiborne,,
TN,47,Tennessee,27,Clay,,
TN,47,Tennessee,29,Cocke,7/20/13,Ben and Leslie wedding.
TN,47,Tennessee,31,Coffee,,
TN,47,Tennessee,33,Crockett,,
TN,47,Tennessee,35,Cumberland,,
TN,47,Tennessee,37,Davidson,,
TN,47,Tennessee,39,Decatur,,
TN,47,Tennessee,41,DeKalb,,
TN,47,Tennessee,43,Dickson,,
TN,47,Tennessee,45,Dyer,,
TN,47,Tennessee,47,Fayette,,
TN,47,Tennessee,49,Fentress,,
TN,47,Tennessee,51,Franklin,,
TN,47,Tennessee,53,Gibson,,
TN,47,Tennessee,55,Giles,,
TN,47,Tennessee,57,Grainger,,
TN,47,Tennessee,59,Greene,6/29/19,
TN,47,Tennessee,61,Grundy,,
TN,47,Tennessee,63,Hamblen,,
TN,47,Tennessee,65,Hamilton,,
TN,47,Tennessee,67,Hancock,,
TN,47,Tennessee,69,Hardeman,,
TN,47,Tennessee,71,Hardin,,
TN,47,Tennessee,73,Hawkins,,
TN,47,Tennessee,75,Haywood,,
TN,47,Tennessee,77,Henderson,,
TN,47,Tennessee,79,Henry,,
TN,47,Tennessee,81,Hickman,,
TN,47,Tennessee,83,Houston,,
TN,47,Tennessee,85,Humphreys,,
TN,47,Tennessee,87,Jackson,,
TN,47,Tennessee,89,Jefferson,7/20/13,Ben and Leslie wedding.
TN,47,Tennessee,91,Johnson,7/20/13,Ben and Leslie wedding.
TN,47,Tennessee,93,Knox,1/1/70,
TN,47,Tennessee,95,Lake,,
TN,47,Tennessee,97,Lauderdale,,
TN,47,Tennessee,99,Lawrence,,
TN,47,Tennessee,101,Lewis,,
TN,47,Tennessee,103,Lincoln,,
TN,47,Tennessee,105,Loudon,,
TN,47,Tennessee,111,Macon,,
TN,47,Tennessee,113,Madison,,
TN,47,Tennessee,115,Marion,,
TN,47,Tennessee,117,Marshall,,
TN,47,Tennessee,119,Maury,,
TN,47,Tennessee,107,McMinn,,
TN,47,Tennessee,109,McNairy,,
TN,47,Tennessee,121,Meigs,,
TN,47,Tennessee,123,Monroe,,
TN,47,Tennessee,125,Montgomery,,
TN,47,Tennessee,127,Moore,,
TN,47,Tennessee,129,Morgan,,
TN,47,Tennessee,131,Obion,,
TN,47,Tennessee,133,Overton,,
TN,47,Tennessee,135,Perry,,
TN,47,Tennessee,137,Pickett,,
TN,47,Tennessee,139,Polk,,
TN,47,Tennessee,141,Putnam,,
TN,47,Tennessee,143,Rhea,,
TN,47,Tennessee,145,Roane,,
TN,47,Tennessee,147,Robertson,,
TN,47,Tennessee,149,Rutherford,,
TN,47,Tennessee,151,Scott,,
TN,47,Tennessee,153,Sequatchie,,
TN,47,Tennessee,155,Sevier,7/20/13,Ben and Leslie wedding.
TN,47,Tennessee,157,Shelby,,
TN,47,Tennessee,159,Smith,,
TN,47,Tennessee,161,Stewart,,
TN,47,Tennessee,163,Sullivan,1/1/70,
TN,47,Tennessee,165,Sumner,,
TN,47,Tennessee,167,Tipton,,
TN,47,Tennessee,169,Trousdale,,
TN,47,Tennessee,171,Unicoi,1/1/70,
TN,47,Tennessee,173,Union,,
TN,47,Tennessee,175,Van Buren,,
TN,47,Tennessee,177,Warren,,
TN,47,Tennessee,179,Washington,1/1/70,
TN,47,Tennessee,181,Wayne,,
TN,47,Tennessee,183,Weakley,,
TN,47,Tennessee,185,White,,
TN,47,Tennessee,187,Williamson,,
TN,47,Tennessee,189,Wilson,,
TX,48,Texas,1,Anderson,,
TX,48,Texas,3,Andrews,,
TX,48,Texas,5,Angelina,,
TX,48,Texas,7,Aransas,,
TX,48,Texas,9,Archer,,
TX,48,Texas,11,Armstrong,,
TX,48,Texas,13,Atascosa,,
TX,48,Texas,15,Austin,,
TX,48,Texas,17,Bailey,,
TX,48,Texas,19,Bandera,,
TX,48,Texas,21,Bastrop,,
TX,48,Texas,23,Baylor,,
TX,48,Texas,25,Bee,,
TX,48,Texas,27,Bell,,
TX,48,Texas,29,Bexar,1/1/70,
TX,48,Texas,31,Blanco,,
TX,48,Texas,33,Borden,,
TX,48,Texas,35,Bosque,,
TX,48,Texas,37,Bowie,,
TX,48,Texas,39,Brazoria,,
TX,48,Texas,41,Brazos,,
TX,48,Texas,43,Brewster,,
TX,48,Texas,45,Briscoe,,
TX,48,Texas,47,Brooks,,
TX,48,Texas,49,Brown,,
TX,48,Texas,51,Burleson,,
TX,48,Texas,53,Burnet,,
TX,48,Texas,55,Caldwell,,
TX,48,Texas,57,Calhoun,,
TX,48,Texas,59,Callahan,,
TX,48,Texas,61,Cameron,,
TX,48,Texas,63,Camp,,
TX,48,Texas,65,Carson,,
TX,48,Texas,67,Cass,,
TX,48,Texas,69,Castro,,
TX,48,Texas,71,Chambers,,
TX,48,Texas,73,Cherokee,,
TX,48,Texas,75,Childress,,
TX,48,Texas,77,Clay,,
TX,48,Texas,79,Cochran,,
TX,48,Texas,81,Coke,,
TX,48,Texas,83,Coleman,,
TX,48,Texas,85,Collin,,
TX,48,Texas,87,Collingsworth,,
TX,48,Texas,89,Colorado,,
TX,48,Texas,91,Comal,,
TX,48,Texas,93,Comanche,,
TX,48,Texas,95,Concho,,
TX,48,Texas,97,Cooke,,
TX,48,Texas,99,Coryell,,
TX,48,Texas,101,Cottle,,
TX,48,Texas,103,Crane,,
TX,48,Texas,105,Crockett,,
TX,48,Texas,107,Crosby,,
TX,48,Texas,109,Culberson,,
TX,48,Texas,111,Dallam,,
TX,48,Texas,113,Dallas,1/1/09,Verified via Google Photos
TX,48,Texas,115,Dawson,,
TX,48,Texas,117,Deaf Smith,,
TX,48,Texas,119,Delta,,
TX,48,Texas,121,Denton,,
TX,48,Texas,123,DeWitt,,
TX,48,Texas,125,Dickens,,
TX,48,Texas,127,Dimmit,,
TX,48,Texas,129,Donley,,
TX,48,Texas,131,Duval,,
TX,48,Texas,133,Eastland,,
TX,48,Texas,135,Ector,1/1/70,
TX,48,Texas,137,Edwards,,
TX,48,Texas,141,El Paso,,
TX,48,Texas,139,Ellis,,
TX,48,Texas,143,Erath,,
TX,48,Texas,145,Falls,,
TX,48,Texas,147,Fannin,,
TX,48,Texas,149,Fayette,,
TX,48,Texas,151,Fisher,,
TX,48,Texas,153,Floyd,,
TX,48,Texas,155,Foard,,
TX,48,Texas,157,Fort Bend,,
TX,48,Texas,159,Franklin,,
TX,48,Texas,161,Freestone,,
TX,48,Texas,163,Frio,,
TX,48,Texas,165,Gaines,,
TX,48,Texas,167,Galveston,,
TX,48,Texas,169,Garza,,
TX,48,Texas,171,Gillespie,,
TX,48,Texas,173,Glasscock,,
TX,48,Texas,175,Goliad,,
TX,48,Texas,177,Gonzales,,
TX,48,Texas,179,Gray,,
TX,48,Texas,181,Grayson,,
TX,48,Texas,183,Gregg,,
TX,48,Texas,185,Grimes,,
TX,48,Texas,187,Guadalupe,,
TX,48,Texas,189,Hale,,
TX,48,Texas,191,Hall,,
TX,48,Texas,193,Hamilton,,
TX,48,Texas,195,Hansford,,
TX,48,Texas,197,Hardeman,,
TX,48,Texas,199,Hardin,,
TX,48,Texas,201,Harris,,
TX,48,Texas,203,Harrison,,
TX,48,Texas,205,Hartley,,
TX,48,Texas,207,Haskell,,
TX,48,Texas,209,Hays,,
TX,48,Texas,211,Hemphill,,
TX,48,Texas,213,Henderson,,
TX,48,Texas,215,Hidalgo,,
TX,48,Texas,217,Hill,,
TX,48,Texas,219,Hockley,,
TX,48,Texas,221,Hood,,
TX,48,Texas,223,Hopkins,,
TX,48,Texas,225,Houston,,
TX,48,Texas,227,Howard,,
TX,48,Texas,229,Hudspeth,,
TX,48,Texas,231,Hunt,,
TX,48,Texas,233,Hutchinson,,
TX,48,Texas,235,Irion,,
TX,48,Texas,237,Jack,,
TX,48,Texas,239,Jackson,,
TX,48,Texas,241,Jasper,,
TX,48,Texas,243,Jeff Davis,,
TX,48,Texas,245,Jefferson,,
TX,48,Texas,247,Jim Hogg,,
TX,48,Texas,249,Jim Wells,,
TX,48,Texas,251,Johnson,,
TX,48,Texas,253,Jones,,
TX,48,Texas,255,Karnes,,
TX,48,Texas,257,Kaufman,,
TX,48,Texas,259,Kendall,,
TX,48,Texas,261,Kenedy,,
TX,48,Texas,263,Kent,,
TX,48,Texas,265,Kerr,,
TX,48,Texas,267,Kimble,,
TX,48,Texas,269,King,,
TX,48,Texas,271,Kinney,,
TX,48,Texas,273,Kleberg,,
TX,48,Texas,275,Knox,,
TX,48,Texas,283,La Salle,,
TX,48,Texas,277,Lamar,,
TX,48,Texas,279,Lamb,,
TX,48,Texas,281,Lampasas,,
TX,48,Texas,285,Lavaca,,
TX,48,Texas,287,Lee,,
TX,48,Texas,289,Leon,,
TX,48,Texas,291,Liberty,,
TX,48,Texas,293,Limestone,,
TX,48,Texas,295,Lipscomb,,
TX,48,Texas,297,Live Oak,,
TX,48,Texas,299,Llano,,
TX,48,Texas,301,Loving,,
TX,48,Texas,303,Lubbock,,
TX,48,Texas,305,Lynn,,
TX,48,Texas,313,Madison,,
TX,48,Texas,315,Marion,,
TX,48,Texas,317,Martin,,
TX,48,Texas,319,Mason,,
TX,48,Texas,321,Matagorda,,
TX,48,Texas,323,Maverick,,
TX,48,Texas,307,McCulloch,,
TX,48,Texas,309,McLennan,,
TX,48,Texas,311,McMullen,,
TX,48,Texas,325,Medina,1/1/70,
TX,48,Texas,327,Menard,,
TX,48,Texas,329,Midland,1/1/70,
TX,48,Texas,331,Milam,,
TX,48,Texas,333,Mills,,
TX,48,Texas,335,Mitchell,,
TX,48,Texas,337,Montague,,
TX,48,Texas,339,Montgomery,,
TX,48,Texas,341,Moore,,
TX,48,Texas,343,Morris,,
TX,48,Texas,345,Motley,,
TX,48,Texas,347,Nacogdoches,,
TX,48,Texas,349,Navarro,,
TX,48,Texas,351,Newton,,
TX,48,Texas,353,Nolan,,
TX,48,Texas,355,Nueces,,
TX,48,Texas,357,Ochiltree,,
TX,48,Texas,359,Oldham,,
TX,48,Texas,361,Orange,,
TX,48,Texas,363,Palo Pinto,,
TX,48,Texas,365,Panola,,
TX,48,Texas,367,Parker,,
TX,48,Texas,369,Parmer,,
TX,48,Texas,371,Pecos,,
TX,48,Texas,373,Polk,,
TX,48,Texas,375,Potter,,
TX,48,Texas,377,Presidio,,
TX,48,Texas,379,Rains,,
TX,48,Texas,381,Randall,,
TX,48,Texas,383,Reagan,,
TX,48,Texas,385,Real,,
TX,48,Texas,387,Red River,,
TX,48,Texas,389,Reeves,,
TX,48,Texas,391,Refugio,,
TX,48,Texas,393,Roberts,,
TX,48,Texas,395,Robertson,,
TX,48,Texas,397,Rockwall,,
TX,48,Texas,399,Runnels,,
TX,48,Texas,401,Rusk,,
TX,48,Texas,403,Sabine,,
TX,48,Texas,405,San Augustine,,
TX,48,Texas,407,San Jacinto,,
TX,48,Texas,409,San Patricio,,
TX,48,Texas,411,San Saba,,
TX,48,Texas,413,Schleicher,,
TX,48,Texas,415,Scurry,,
TX,48,Texas,417,Shackelford,,
TX,48,Texas,419,Shelby,,
TX,48,Texas,421,Sherman,,
TX,48,Texas,423,Smith,,
TX,48,Texas,425,Somervell,,
TX,48,Texas,427,Starr,,
TX,48,Texas,429,Stephens,,
TX,48,Texas,431,Sterling,,
TX,48,Texas,433,Stonewall,,
TX,48,Texas,435,Sutton,,
TX,48,Texas,437,Swisher,,
TX,48,Texas,439,Tarrant,11/24/21,Thanksgiving with Kevin and Sydney.
TX,48,Texas,441,Taylor,,
TX,48,Texas,443,Terrell,,
TX,48,Texas,445,Terry,,
TX,48,Texas,447,Throckmorton,,
TX,48,Texas,449,Titus,,
TX,48,Texas,451,Tom Green,,
TX,48,Texas,453,Travis,10/20/22,F1 race with family.
TX,48,Texas,455,Trinity,,
TX,48,Texas,457,Tyler,,
TX,48,Texas,459,Upshur,,
TX,48,Texas,461,Upton,,
TX,48,Texas,463,Uvalde,,
TX,48,Texas,465,Val Verde,,
TX,48,Texas,467,Van Zandt,,
TX,48,Texas,469,Victoria,,
TX,48,Texas,471,Walker,,
TX,48,Texas,473,Waller,,
TX,48,Texas,475,Ward,,
TX,48,Texas,477,Washington,,
TX,48,Texas,479,Webb,,
TX,48,Texas,481,Wharton,,
TX,48,Texas,483,Wheeler,,
TX,48,Texas,485,Wichita,,
TX,48,Texas,487,Wilbarger,,
TX,48,Texas,489,Willacy,,
TX,48,Texas,491,Williamson,,
TX,48,Texas,493,Wilson,,
TX,48,Texas,495,Winkler,,
TX,48,Texas,497,Wise,,
TX,48,Texas,499,Wood,,
TX,48,Texas,501,Yoakum,,
TX,48,Texas,503,Young,,
TX,48,Texas,505,Zapata,,
TX,48,Texas,507,Zavala,,
UT,49,Utah,1,Beaver,,
UT,49,Utah,3,Box Elder,5/24/19,
UT,49,Utah,5,Cache,,
UT,49,Utah,7,Carbon,,
UT,49,Utah,9,Daggett,,
UT,49,Utah,11,Davis,5/24/19,
UT,49,Utah,13,Duchesne,,
UT,49,Utah,15,Emery,,
UT,49,Utah,17,Garfield,,
UT,49,Utah,19,Grand,,
UT,49,Utah,21,Iron,,
UT,49,Utah,23,Juab,5/25/19,
UT,49,Utah,25,Kane,,
UT,49,Utah,27,Millard,5/25/19,
UT,49,Utah,29,Morgan,,
UT,49,Utah,31,Piute,5/25/19,
UT,49,Utah,33,Rich,,
UT,49,Utah,35,Salt Lake,5/24/19,
UT,49,Utah,37,San Juan,,
UT,49,Utah,39,Sanpete,,
UT,49,Utah,41,Sevier,5/25/19,
UT,49,Utah,43,Summit,5/26/19,
UT,49,Utah,45,Tooele,,
UT,49,Utah,47,Uintah,,
UT,49,Utah,49,Utah,5/25/19,
UT,49,Utah,51,Wasatch,,
UT,49,Utah,53,Washington,,
UT,49,Utah,55,Wayne,5/25/19,
UT,49,Utah,57,Weber,5/24/19,
VA,51,Virginia,1,Accomack,1/1/70,
VA,51,Virginia,3,Albemarle,1/1/70,
VA,51,Virginia,510,Alexandria,1/1/70,
VA,51,Virginia,5,Alleghany,,
VA,51,Virginia,7,Amelia,,
VA,51,Virginia,9,Amherst,1/1/70,
VA,51,Virginia,11,Appomattox,,
VA,51,Virginia,13,Arlington,1/1/70,
VA,51,Virginia,15,Augusta,1/1/70,
VA,51,Virginia,17,Bath,,
VA,51,Virginia,19,Bedford,1/1/70,
VA,51,Virginia,21,Bland,11/9/18,
VA,51,Virginia,23,Botetourt,1/1/70,
VA,51,Virginia,520,Bristol,1/1/70,
VA,51,Virginia,25,Brunswick,5/7/25,
VA,51,Virginia,27,Buchanan,,
VA,51,Virginia,29,Buckingham,,
VA,51,Virginia,530,Buena Vista,,
VA,51,Virginia,31,Campbell,1/1/70,
VA,51,Virginia,33,Caroline,1/1/70,
VA,51,Virginia,35,Carroll,1/1/70,
VA,51,Virginia,36,Charles City,,
VA,51,Virginia,37,Charlotte,,
VA,51,Virginia,540,Charlottesville,1/1/70,
VA,51,Virginia,550,Chesapeake,1/1/70,
VA,51,Virginia,41,Chesterfield,1/1/70,
VA,51,Virginia,43,Clarke,1/1/70,
VA,51,Virginia,570,Colonial Heights,1/1/70,
VA,51,Virginia,580,Covington,,
VA,51,Virginia,45,Craig,,
VA,51,Virginia,47,Culpeper,1/1/70,
VA,51,Virginia,49,Cumberland,,
VA,51,Virginia,590,Danville,1/1/70,
VA,51,Virginia,51,Dickenson,,
VA,51,Virginia,53,Dinwiddie,5/7/25,
VA,51,Virginia,595,Emporia,1/1/70,
VA,51,Virginia,57,Essex,,
VA,51,Virginia,600,Fairfax,,
VA,51,Virginia,59,Fairfax,1/1/70,
VA,51,Virginia,610,Falls Church,,
VA,51,Virginia,61,Fauquier,1/1/70,
VA,51,Virginia,63,Floyd,,
VA,51,Virginia,65,Fluvanna,,
VA,51,Virginia,620,Franklin,,
VA,51,Virginia,67,Franklin,,
VA,51,Virginia,69,Frederick,1/1/70,
VA,51,Virginia,630,Fredericksburg,1/1/70,
VA,51,Virginia,640,Galax,1/1/70,
VA,51,Virginia,71,Giles,,
VA,51,Virginia,73,Gloucester,,
VA,51,Virginia,75,Goochland,,
VA,51,Virginia,77,Grayson,1/1/70,
VA,51,Virginia,79,Greene,1/1/70,
VA,51,Virginia,81,Greensville,1/1/70,
VA,51,Virginia,83,Halifax,,
VA,51,Virginia,650,Hampton,,
VA,51,Virginia,85,Hanover,1/1/70,
VA,51,Virginia,660,Harrisonburg,1/1/70,
VA,51,Virginia,87,Henrico,1/1/70,
VA,51,Virginia,89,Henry,,
VA,51,Virginia,91,Highland,,
VA,51,Virginia,670,Hopewell,,
VA,51,Virginia,93,Isle of Wight,,
VA,51,Virginia,95,James City,,
VA,51,Virginia,97,King and Queen,,
VA,51,Virginia,99,King George,,
VA,51,Virginia,101,King William,,
VA,51,Virginia,103,Lancaster,,
VA,51,Virginia,105,Lee,,
VA,51,Virginia,678,Lexington,,
VA,51,Virginia,107,Loudoun,1/1/70,
VA,51,Virginia,109,Louisa,,
VA,51,Virginia,111,Lunenburg,,
VA,51,Virginia,680,Lynchburg,1/1/70,
VA,51,Virginia,113,Madison,1/1/70,
VA,51,Virginia,683,Manassas,,
VA,51,Virginia,685,Manassas Park,,
VA,51,Virginia,690,Martinsville,,
VA,51,Virginia,115,Mathews,,
VA,51,Virginia,117,Mecklenburg,5/7/25,
VA,51,Virginia,119,Middlesex,,
VA,51,Virginia,121,Montgomery,1/1/70,
VA,51,Virginia,125,Nelson,1/1/70,
VA,51,Virginia,127,New Kent,,
VA,51,Virginia,700,Newport News,,
VA,51,Virginia,710,Norfolk,,
VA,51,Virginia,131,Northampton,1/1/70,
VA,51,Virginia,133,Northumberland,,
VA,51,Virginia,720,Norton,,
VA,51,Virginia,135,Nottoway,,
VA,51,Virginia,137,Orange,,
VA,51,Virginia,139,Page,1/1/70,
VA,51,Virginia,141,Patrick,,
VA,51,Virginia,730,Petersburg,1/1/70,
VA,51,Virginia,143,Pittsylvania,1/1/70,
VA,51,Virginia,735,Poquoson,,
VA,51,Virginia,740,Portsmouth,,
VA,51,Virginia,145,Powhatan,,
VA,51,Virginia,147,Prince Edward,,
VA,51,Virginia,149,Prince George,1/1/70,
VA,51,Virginia,153,Prince William,1/1/70,
VA,51,Virginia,155,Pulaski,1/1/70,
VA,51,Virginia,750,Radford,1/1/70,
VA,51,Virginia,157,Rappahannock,1/1/70,
VA,51,Virginia,760,Richmond,1/1/70,
VA,51,Virginia,159,Richmond,,
VA,51,Virginia,770,Roanoke,1/1/70,
VA,51,Virginia,161,Roanoke,1/1/70,
VA,51,Virginia,163,Rockbridge,1/1/70,
VA,51,Virginia,165,Rockingham,1/1/70,
VA,51,Virginia,167,Russell,,
VA,51,Virginia,775,Salem,1/1/70,
VA,51,Virginia,169,Scott,,
VA,51,Virginia,171,Shenandoah,1/1/70,
VA,51,Virginia,173,Smyth,1/1/70,
VA,51,Virginia,175,Southampton,,
VA,51,Virginia,177,Spotsylvania,1/1/70,
VA,51,Virginia,179,Stafford,1/1/70,
VA,51,Virginia,790,Staunton,1/1/70,
VA,51,Virginia,800,Suffolk,,
VA,51,Virginia,181,Surry,,
VA,51,Virginia,183,Sussex,1/1/70,
VA,51,Virginia,185,Tazewell,,
VA,51,Virginia,810,Virginia Beach,1/1/70,
VA,51,Virginia,187,Warren,1/1/70,
VA,51,Virginia,191,Washington,1/1/70,
VA,51,Virginia,820,Waynesboro,1/1/70,
VA,51,Virginia,193,Westmoreland,,
VA,51,Virginia,830,Williamsburg,,
VA,51,Virginia,840,Winchester,1/1/70,
VA,51,Virginia,195,Wise,,
VA,51,Virginia,197,Wythe,1/1/70,
VA,51,Virginia,199,York,,
VI,78,U.S. Virgin Islands,10,St. Croix,,
VI,78,U.S. Virgin Islands,20,St. John,,
VI,78,U.S. Virgin Islands,30,St. Thomas,,
VT,50,Vermont,1,Addison,1/1/70,
VT,50,Vermont,3,Bennington,1/1/70,
VT,50,Vermont,5,Caledonia,1/1/70,
VT,50,Vermont,7,Chittenden,1/1/70,
VT,50,Vermont,9,Essex,,
VT,50,Vermont,11,Franklin,1/1/70,
VT,50,Vermont,13,Grand Isle,1/1/70,
VT,50,Vermont,15,Lamoille,1/1/70,
VT,50,Vermont,17,Orange,1/1/70,
VT,50,Vermont,19,Orleans,1/1/70,
VT,50,Vermont,21,Rutland,1/1/70,
VT,50,Vermont,23,Washington,1/1/70,
VT,50,Vermont,25,Windham,1/1/70,
VT,50,Vermont,27,Windsor,1/1/70,
WA,53,Washington,1,Adams,,
WA,53,Washington,3,Asotin,,
WA,53,Washington,5,Benton,,
WA,53,Washington,7,Chelan,6/16/24,Giggle Gaggle Seattle Bonspiel Trip.
WA,53,Washington,9,Clallam,5/12/19,PNW tour with Mom and Dad.
WA,53,Washington,11,Clark,,
WA,53,Washington,13,Columbia,,
WA,53,Washington,15,Cowlitz,,
WA,53,Washington,17,Douglas,,
WA,53,Washington,19,Ferry,,
WA,53,Washington,21,Franklin,,
WA,53,Washington,23,Garfield,,
WA,53,Washington,25,Grant,,
WA,53,Washington,27,Grays Harbor,5/14/19,PNW tour with Mom and Dad.
WA,53,Washington,29,Island,5/12/19,PNW tour with Mom and Dad.
WA,53,Washington,31,Jefferson,5/12/19,PNW tour with Mom and Dad.
WA,53,Washington,33,King,5/10/19,PNW tour with Mom and Dad.
WA,53,Washington,35,Kitsap,,
WA,53,Washington,37,Kittitas,,
WA,53,Washington,39,Klickitat,,
WA,53,Washington,41,Lewis,,
WA,53,Washington,43,Lincoln,,
WA,53,Washington,45,Mason,,
WA,53,Washington,47,Okanogan,,
WA,53,Washington,49,Pacific,5/14/19,PNW tour with Mom and Dad.
WA,53,Washington,51,Pend Oreille,,
WA,53,Washington,53,Pierce,6/20/24,Giggle Gaggle Seattle Bonspiel Trip.
WA,53,Washington,55,San Juan,5/10/19,PNW tour with Mom and Dad.
WA,53,Washington,57,Skagit,5/10/19,PNW tour with Mom and Dad.
WA,53,Washington,59,Skamania,5/15/19,PNW tour with Mom and Dad.
WA,53,Washington,61,Snohomish,5/10/19,PNW tour with Mom and Dad.
WA,53,Washington,63,Spokane,,
WA,53,Washington,65,Stevens,,
WA,53,Washington,67,Thurston,6/20/24,Giggle Gaggle Seattle Bonspiel Trip.
WA,53,Washington,69,Wahkiakum,5/14/19,PNW tour with Mom and Dad.
WA,53,Washington,71,Walla Walla,,
WA,53,Washington,73,Whatcom,5/10/19,PNW tour with Mom and Dad.
WA,53,Washington,75,Whitman,,
WA,53,Washington,77,Yakima,,
WI,55,Wisconsin,1,Adams,,
WI,55,Wisconsin,3,Ashland,,
WI,55,Wisconsin,5,Barron,,
WI,55,Wisconsin,7,Bayfield,,
WI,55,Wisconsin,9,Brown,,
WI,55,Wisconsin,11,Buffalo,,
WI,55,Wisconsin,13,Burnett,,
WI,55,Wisconsin,15,Calumet,,
WI,55,Wisconsin,17,Chippewa,,
WI,55,Wisconsin,19,Clark,,
WI,55,Wisconsin,21,Columbia,,
WI,55,Wisconsin,23,Crawford,,
WI,55,Wisconsin,25,Dane,,
WI,55,Wisconsin,27,Dodge,,
WI,55,Wisconsin,29,Door,,
WI,55,Wisconsin,31,Douglas,,
WI,55,Wisconsin,33,Dunn,,
WI,55,Wisconsin,35,Eau Claire,,
WI,55,Wisconsin,37,Florence,,
WI,55,Wisconsin,39,Fond du Lac,,
WI,55,Wisconsin,41,Forest,,
WI,55,Wisconsin,43,Grant,,
WI,55,Wisconsin,45,Green,,
WI,55,Wisconsin,47,Green Lake,,
WI,55,Wisconsin,49,Iowa,,
WI,55,Wisconsin,51,Iron,,
WI,55,Wisconsin,53,Jackson,,
WI,55,Wisconsin,55,Jefferson,,
WI,55,Wisconsin,57,Juneau,,
WI,55,Wisconsin,59,Kenosha,,
WI,55,Wisconsin,61,Kewaunee,,
WI,55,Wisconsin,63,La Crosse,,
WI,55,Wisconsin,65,Lafayette,,
WI,55,Wisconsin,67,Langlade,,
WI,55,Wisconsin,69,Lincoln,,
WI,55,Wisconsin,71,Manitowoc,,
WI,55,Wisconsin,73,Marathon,,
WI,55,Wisconsin,75,Marinette,,
WI,55,Wisconsin,77,Marquette,,
WI,55,Wisconsin,78,Menominee,,
WI,55,Wisconsin,79,Milwaukee,,
WI,55,Wisconsin,81,Monroe,,
WI,55,Wisconsin,83,Oconto,,
WI,55,Wisconsin,85,Oneida,,
WI,55,Wisconsin,87,Outagamie,,
WI,55,Wisconsin,89,Ozaukee,,
WI,55,Wisconsin,91,Pepin,,
WI,55,Wisconsin,93,Pierce,,
WI,55,Wisconsin,95,Polk,,
WI,55,Wisconsin,97,Portage,,
WI,55,Wisconsin,99,Price,,
WI,55,Wisconsin,101,Racine,,
WI,55,Wisconsin,103,Richland,,
WI,55,Wisconsin,105,Rock,,
WI,55,Wisconsin,107,Rusk,,
WI,55,Wisconsin,111,Sauk,,
WI,55,Wisconsin,113,Sawyer,,
WI,55,Wisconsin,115,Shawano,,
WI,55,Wisconsin,117,Sheboygan,,
WI,55,Wisconsin,109,St. Croix,,
WI,55,Wisconsin,119,Taylor,,
WI,55,Wisconsin,121,Trempealeau,,
WI,55,Wisconsin,123,Vernon,,
WI,55,Wisconsin,125,Vilas,,
WI,55,Wisconsin,127,Walworth,,
WI,55,Wisconsin,129,Washburn,,
WI,55,Wisconsin,131,Washington,,
WI,55,Wisconsin,133,Waukesha,,
WI,55,Wisconsin,135,Waupaca,,
WI,55,Wisconsin,137,Waushara,,
WI,55,Wisconsin,139,Winnebago,,
WI,55,Wisconsin,141,Wood,,
WV,54,West Virginia,1,Barbour,,
WV,54,West Virginia,3,Berkeley,1/1/70,
WV,54,West Virginia,5,Boone,,
WV,54,West Virginia,7,Braxton,12/11/21,
WV,54,West Virginia,9,Brooke,,
WV,54,West Virginia,11,Cabell,,
WV,54,West Virginia,13,Calhoun,,
WV,54,West Virginia,15,Clay,,
WV,54,West Virginia,17,Doddridge,,
WV,54,West Virginia,19,Fayette,11/9/18,
WV,54,West Virginia,21,Gilmer,12/11/21,
WV,54,West Virginia,23,Grant,,
WV,54,West Virginia,25,Greenbrier,,
WV,54,West Virginia,27,Hampshire,,
WV,54,West Virginia,29,Hancock,,
WV,54,West Virginia,31,Hardy,,
WV,54,West Virginia,33,Harrison,12/11/21,
WV,54,West Virginia,35,Jackson,,
WV,54,West Virginia,37,Jefferson,1/1/70,
WV,54,West Virginia,39,Kanawha,,
WV,54,West Virginia,41,Lewis,12/11/21,
WV,54,West Virginia,43,Lincoln,,
WV,54,West Virginia,45,Logan,,
WV,54,West Virginia,49,Marion,12/11/21,
WV,54,West Virginia,51,Marshall,,
WV,54,West Virginia,53,Mason,,
WV,54,West Virginia,47,McDowell,,
WV,54,West Virginia,55,Mercer,11/9/18,
WV,54,West Virginia,57,Mineral,,
WV,54,West Virginia,59,Mingo,,
WV,54,West Virginia,61,Monongalia,12/11/21,
WV,54,West Virginia,63,Monroe,,
WV,54,West Virginia,65,Morgan,,
WV,54,West Virginia,67,Nicholas,12/11/21,
WV,54,West Virginia,69,Ohio,,
WV,54,West Virginia,71,Pendleton,,
WV,54,West Virginia,73,Pleasants,,
WV,54,West Virginia,75,Pocahontas,,
WV,54,West Virginia,77,Preston,,
WV,54,West Virginia,79,Putnam,,
WV,54,West Virginia,81,Raleigh,11/9/18,
WV,54,West Virginia,83,Randolph,,
WV,54,West Virginia,85,Ritchie,,
WV,54,West Virginia,87,Roane,,
WV,54,West Virginia,89,Summers,1/1/70,
WV,54,West Virginia,91,Taylor,,
WV,54,West Virginia,93,Tucker,,
WV,54,West Virginia,95,Tyler,,
WV,54,West Virginia,97,Upshur,,
WV,54,West Virginia,99,Wayne,,
WV,54,West Virginia,101,Webster,,
WV,54,West Virginia,103,Wetzel,,
WV,54,West Virginia,105,Wirt,,
WV,54,West Virginia,107,Wood,,
WV,54,West Virginia,109,Wyoming,,
WY,56,Wyoming,1,Albany,,
WY,56,Wyoming,3,Big Horn,,
WY,56,Wyoming,5,Campbell,,
WY,56,Wyoming,7,Carbon,,
WY,56,Wyoming,9,Converse,,
WY,56,Wyoming,11,Crook,,
WY,56,Wyoming,13,Fremont,,
WY,56,Wyoming,15,Goshen,,
WY,56,Wyoming,17,Hot Springs,,
WY,56,Wyoming,19,Johnson,,
WY,56,Wyoming,21,Laramie,,
WY,56,Wyoming,23,Lincoln,,
WY,56,Wyoming,25,Natrona,,
WY,56,Wyoming,27,Niobrara,,
WY,56,Wyoming,29,Park,,
WY,56,Wyoming,31,Platte,,
WY,56,Wyoming,33,Sheridan,,
WY,56,Wyoming,35,Sublette,,
WY,56,Wyoming,37,Sweetwater,,
WY,56,Wyoming,39,Teton,,
WY,56,Wyoming,41,Uinta,,
WY,56,Wyoming,43,Washakie,,
WY,56,Wyoming,45,Weston,,